_unit_id,_unit_state,_trusted_judgments,_last_judgment_at,category,category:confidence,category_gold,image_url,item_title,link
622469240,golden,46,"","person
journalist
writer","0.32
0.12
0.08","writer
editor
journalist
person
author","David Yelland (born 14 May 1963) is a British writer, a former journalist and editor of The Sun and a partner at Brunswick Group LLP, a global financial public relations and communications company in London. He regularly appears on radio and television.",David Yelland (journalist),http://en.wikipedia.org/wiki/David_Yelland_(journalist)
622469241,finalized,11,12/26/2014 23:44:28,"person
manager
politician, democratic","0.3636
0.1818
0.0909",,"Dean Constable (born January 11, 1980 in Charlottetown, Prince Edward Island) was the leader of the New Democratic Party of Prince Edward Island from 2006 to 2007. He replaced the late Gary Robichaud as leader. Constable previously was the theatre stage manager for the Charlottetown Festival.",Dean Constable,http://en.wikipedia.org/wiki/Dean_Constable
622469242,finalized,11,12/27/2014 00:29:06,"photographer
photography
photographer, hockey","0.4545
0.0909
0.0909",,"Denis Joseph Germain Stanislaus Brodeur (October 12, 1930 – September 26, 2013) was a Canadian photographer, acknowledged as one of hockey's finest photographers and was the father of New Jersey Devils goaltender Martin Brodeur, the National Hockey League's winningest goaltender.",Denis Brodeur,http://en.wikipedia.org/wiki/Denis_Brodeur
622469243,finalized,11,12/27/2014 00:29:06,"cricketer
former
person,sport,sportsman","0.2727
0.1818
0.0909",,"Dennis Constable (born 14 August 1925) is a former English cricketer. Constable was a right-handed batsman who fielded as a wicket-keeper. He was born at East Molesey, Surrey.The younger brother of Surrey cricketer Bernie Constable, Dennis made two first-class appearances for Northamptonshire in 1949 against Leicestershire and the touring New Zealanders, both at the County Ground, Northampton.",Dennis Constable,http://en.wikipedia.org/wiki/Dennis_Constable
622469244,finalized,11,12/27/2014 00:29:06,"athlete
sport
runners","0.3636
0.0909
0.0909",,Dimitrios Christopoulos (Greek: Δημήτριος Χριστόπουλος) was a Greek athlete. He competed at the 1896 Summer Olympics in Athens.Christopoulos was one of 17 athletes to start the marathon race. He was one of the seven runners that dropped out of the race.,Dimitrios Christopoulos,http://en.wikipedia.org/wiki/Dimitrios_Christopoulos
622469245,finalized,11,12/27/2014 00:54:04,"sculptor
person
sculpture,works,public art","0.2727
0.1818
0.0909",,"Don Gummer (born December 12, 1946) is an American sculptor. His early work concentrated on table-top and wall-mounted sculpture, but in the mid-1980s he shifted his interest to large free-standing works, often in bronze. In the 1990s he added a variety of other materials, such as stainless steel, aluminum and stained glass. His interest in large outdoor works also led him to an interest in public art.",Don Gummer,http://en.wikipedia.org/wiki/Don_Gummer
622469246,golden,49,"","person
journalist
wine critics","0.16
0.12
0.08","person
journalist
author
critics
wine critic
critic","Dorothy J. Gaiter and John Brecher are American journalists, authors and wine critics, wife and husband who jointly wrote a wine column in The Wall Street Journal titled ""Tastings"" between 1998-2009. They rated wines on a scale that ranges from ""Yech"", ""OK"", ""Good"", ""Very Good"", ""Delicious"" to ""Delicious!"". Their careers began simultaneously and have remained connected since their first meeting in the newsroom of The Miami Herald in 1973.",Dorothy Gaiter and John Brecher,http://en.wikipedia.org/wiki/Dorothy_Gaiter_and_John_Brecher
622469247,finalized,11,12/27/2014 00:38:17,"fictional character
fictional character, comics
entertainment","0.2727
0.0909
0.0909",,Doughboy is a fictional character in Marvel Comics.,Doughboy (comics),http://en.wikipedia.org/wiki/Doughboy_(comics)
622469248,finalized,11,12/26/2014 23:44:28,"footballer
person
sport , person","0.3636
0.2727
0.0909",,Eamon Heery is a former Gaelic footballer with Dublin. He was awarded an all star for his performance with Dublin in 1992. He won an All-Ireland Minor Football Championship medal with Dublin in 1982.,Eamon Heery,http://en.wikipedia.org/wiki/Eamon_Heery
622469249,finalized,11,12/26/2014 23:40:00,"footballer
person
sport , person","0.3636
0.1818
0.0909",,"Mario Edison Giménez (born 5 April 1981 in Pedro Juan Caballero) is a Paraguayan footballer that currently plays for Colombian Primera A side Itagüí as striker.He began his football career at 2 de Mayo of the first tier of his country, in where scored 25 goals in 31 appearances during two seasons. In January 2007, was sold to Chilean Primera División club Colo-Colo, for a US$400.000 transfer fee.",Edison Giménez,http://en.wikipedia.org/wiki/Edison_Giménez
622469250,finalized,11,12/27/2014 00:53:32,"politician
person
person,politician","0.3636
0.2727
0.0909",,"Joseph Edmond Brodeur (July 5, 1898 in St. Hyacinthe, Quebec[citation needed] – May 19, 1988) was a politician in Manitoba, Canada. He served in the Legislative Assembly of Manitoba as a Liberal-Progressive from 1952 to 1958.Brodeur was educated at St. Boniface College. He was a member of the Knights of Columbus, reaching the fourth degree by the mid-1950s.[citation needed] He was secretary-treasurer for the Rural Municipality of Ritchot.",Edmond Brodeur,http://en.wikipedia.org/wiki/Edmond_Brodeur
622469251,finalized,11,12/26/2014 23:44:28,"politician
person
president","0.4545
0.3636
0.0909",,"Eduardo Alfredo Fellner (born June 16, 1954) is an Argentine Justicialist Party (PJ) politician, currently President of the Argentine Chamber of Deputies and until 2007 governor of Jujuy Province.",Eduardo Fellner,http://en.wikipedia.org/wiki/Eduardo_Fellner
622469252,finalized,11,12/27/2014 00:38:17,"person
politician
politics, history","0.3636
0.2727
0.0909",,"Edward Black, Sr. was an American Republican Party politician from New Jersey, who served on the Monmouth County, New Jersey Board of Chosen Freeholders.Born about 1800, Edward Black operated a farm of over 100 acres (0.40 km2) on the west side of Matawan Creek. He was a member of the Presbyterian Church.When Matavan Township was incorporated in 1857, he was elected as the township's first tax assessor, and served three years, leaving office in March 1860.","Edward Black, Sr.","http://en.wikipedia.org/wiki/Edward_Black,_Sr."
622469253,finalized,11,12/27/2014 00:53:32,"person
minister
person,minister,teacher","0.3636
0.1818
0.0909",,"For other uses, see Edward BlackEdward Black (December 10, 1793 – May 7, 1845) was a minister and teacher in Canada associated with the Church of Scotland.Edward was born in Penninghame, Scotland and received his education at local schools and, latterly, at the University of Edinburgh. He began to preach as an assistant to his father in 1815 and moved to Canada with his wife after his father's death in 1822.",Edward Black (minister),http://en.wikipedia.org/wiki/Edward_Black_(minister)
622469254,golden,48,"","producer
person
film producer","0.24
0.24
0.16","person
film producer
producer","For other people of this name, see Edward Black.Edward Black (18 August 1900, Birmingham - 30 November 1948, London) was an English film producer.",Edward Black (producer),http://en.wikipedia.org/wiki/Edward_Black_(producer)
622469255,finalized,11,12/26/2014 23:44:28,"village
place
village,station,passanger service","0.2727
0.1818
0.0909",,"Aalsum (unofficial Frisian name: Ealsum) is a small village counting some 162 inhabitants (January 2004) about 1 km north of Dokkum in Dongeradeel, Netherlands. Aalsum is built on a partially excavated terp, around a church originally dedicated to St.","Aalsum, Friesland","http://en.wikipedia.org/wiki/Aalsum,_Friesland"
622469256,finalized,11,12/27/2014 00:29:06,"hamlet
town,history
province","0.2727
0.0909
0.0909",,"Aalsum is a small hamlet in the Dutch province of Groningen. It is located in the municipality of Zuidhorn, about 1.5 km west of Oldehove.The hamlet was located on a wierde, an artificial dwelling hill. The hill was partially excavated in the 20th century; a bow from the ninth century was found. Plans to reconstruct the hill were canceled.According to the 19th-century historian A.J.","Aalsum, Groningen","http://en.wikipedia.org/wiki/Aalsum,_Groningen"
622469257,finalized,11,12/26/2014 23:40:00,"commune
Acq
village","0.2727
0.2727
0.0909",,This article is about a commune in northern France. For information about the chemical compound ACQ see Alkaline Copper Quaternary.Acq is a commune in the Pas-de-Calais department in northern France.,Acq,http://en.wikipedia.org/wiki/Acq
622469258,finalized,11,12/26/2014 23:44:28,"airport
Airport
transport","0.3636
0.3636
0.0909",,"Agen La Garenne Airport or Aérodrome d'Agen - La Garenne (IATA: AGF, ICAO: LFBA) is an airport located in Le Passage and 3 km southwest of Agen, both communes of the Lot-et-Garonne département in the Aquitaine région of France.",Agen La Garenne Airport,http://en.wikipedia.org/wiki/Agen_La_Garenne_Airport
622469259,finalized,11,12/27/2014 00:54:04,"archaeological location
prehistoric
place, location","0.1818
0.0909
0.0909",,"The Ake Site is a name for a prehistoric archaeological location near the town of Datil in the San Augustine Basin of Catron County, New Mexico, United States. It was listed on the New Mexico Register of Cultural Properties in 1975, and listed on the National Register of Historic Places in 1976. The Ake Site is particularly important for the age and length of its use by prehistoric peoples.",Ake Site,http://en.wikipedia.org/wiki/Ake_Site
622469260,finalized,11,12/27/2014 00:53:32,"river
watercourse
river,  watercourse","0.3636
0.0909
0.0909",,"The American River (Río de los Americanos during the Mexican-ruled period before 1846) is a California watercourse river system which runs from the crest of the Sierra Nevada mountain range to its confluence with the Sacramento River in Sacramento, California. The Sacramento River continues to eventually empty into the San Francisco Bay and the Pacific Ocean at San Francisco, California. The American River flows entirely within California.",American River,http://en.wikipedia.org/wiki/American_River
622469261,finalized,11,12/27/2014 00:29:06,"town
town,geography
town,australia","0.5455
0.0909
0.0909",,"American River is a town situated on the western shore of Eastern Cove, on Australia's third largest island, Kangaroo Island.","American River, South Australia","http://en.wikipedia.org/wiki/American_River,_South_Australia"
622469262,finalized,11,12/26/2014 23:40:00,"river
tributary
place , river","0.4545
0.1818
0.0909",,"The American River is a tributary of the Naches River, in Washington in the United States. It flows down the east side of the Cascade Range, through Wenatchee National Forest and the William O. Douglas Wilderness.From its source at American Lake, it flows north for several miles, picking up its tributary the Rainier Fork American River, which flows east down from the vicinity of Chinook Pass.",American River (Washington),http://en.wikipedia.org/wiki/American_River_(Washington)
622469263,finalized,11,12/28/2014 14:48:32,"town
twon,greece
town,vineyards,municipality","0.4545
0.0909
0.0909",,"Ampelakia (Greek: Αμπελάκια, meaning vineyards) is a town and a former municipality of Salamis Island, Greece. Since the 2011 local government reform it is part of the municipality Salamis, of which it is a municipal unit.It lies on the central east coast of the island and has a land area of 15.169 km², comprising about one-sixth of the island's area (with the balance belonging to the Salamina (city)). It has a population of 7,060 inhabitants (2001 census).",Ampelakia,http://en.wikipedia.org/wiki/Ampelakia
622469264,finalized,11,12/28/2014 14:48:18,"community
scenery
muncipality","0.4545
0.0909
0.0909",,"Ampelakia (Greek: Αμπελάκια) is a former community in the Larissa regional unit, Thessaly, Greece. Since the 2011 local government reform it is part of the municipality Tempi, of which it is a municipal unit and a municipal community. Ampelakia is also regarded as the historical seat of the municipality.","Ampelakia, Larissa","http://en.wikipedia.org/wiki/Ampelakia,_Larissa"
622469265,finalized,11,12/28/2014 14:22:09,"commune
singular format
place, commune","0.3636
0.0909
0.0909",,Autigny is a commune in the Seine-Maritime department in the Haute-Normandie region in northern France.,"Autigny, Seine-Maritime","http://en.wikipedia.org/wiki/Autigny,_Seine-Maritime"
622469266,finalized,11,12/28/2014 14:48:32,"municipality
town,switzerland
municipality,switzerland","0.1818
0.0909
0.0909",,Autigny is a municipality in the district of Sarine in the canton of Fribourg in Switzerland.,"Autigny, Switzerland","http://en.wikipedia.org/wiki/Autigny,_Switzerland"
622469267,finalized,11,12/28/2014 14:22:09,"Building
building
texas, building","0.2727
0.1818
0.0909",,"The Badu Building is located in the city of Llano, county of Llano, in the U.S. state of Texas. It was added to the National Register of Historic Places listings in Llano County, Texas in 1980, and designated a Recorded Texas Historic Landmark in 1981.",Badu Building,http://en.wikipedia.org/wiki/Badu_Building
622469268,finalized,11,12/28/2014 14:48:32,"airport
planes,airport
geography","0.6364
0.0909
0.0909",,"Badu Island Airport (IATA: BDD, ICAO: YBAU) is an airport on Badu Island, Queensland, Australia.",Badu Island Airport,http://en.wikipedia.org/wiki/Badu_Island_Airport
622469269,finalized,11,12/28/2014 14:48:32,"river
river,tributary
river,romania","0.3636
0.1818
0.0909",,The Badu River is a tributary of the Prut River in Romania.,Badu River,http://en.wikipedia.org/wiki/Badu_River
622469270,finalized,11,12/28/2014 14:32:42,"air force unit
singular format
security","0.1818
0.0909
0.0909",,"6 Squadron was a South African Air Force unit first formed just before World War II. It was disbanded and re-created a number of times, until finally disbanded in October 1990.The squadron was formed in Cape Town in April 1939 and was equipped with Westland Wapiti IIIs. Initial duties at the outbreak of war was that of anti-submarine coastal patrols from Youngsfield as part of Coastal Command. In February 1940, the unit was moved to Waterkloof and renumbered 1 Squadron.",6 Squadron SAAF,http://en.wikipedia.org/wiki/6_Squadron_SAAF
622469271,finalized,11,12/28/2014 14:32:42,"political party
politics
singular format","0.3636
0.1818
0.0909",,"Action civique de Québec (ACQ) was a political party in Quebec City, Quebec, Canada that contested municipal elections. It was created in 2001 after the amalgamation of Quebec City and surrounding suburban municipalities. It was dissolved in 2009. [1] Though it had a minority in the Council, its councillors ended up sharing the power between 2005 and 2007, as they formed an alliance with mayor Andrée P.",Action civique de Québec,http://en.wikipedia.org/wiki/Action_civique_de_Québec
622469272,finalized,11,12/28/2014 14:32:42,"music
music,group
music, hip hop","0.1818
0.0909
0.0909",,"America's Most Wanted, also known as A.M.W., was an American hip hop group from Oakland, California, made up of Tyrell ""The Boss Man"" Brewer, Charles ""Chucksta"" Mack and Chris ""Mellow-D"" Wilson. They were signed to Triad Records and Shot Records.They came together in 1990 to release their first album, Criminals, which peaked at number 66 on the Billboard Top R&B/Hip-Hop Albums chart.",America's Most Wanted (group),http://en.wikipedia.org/wiki/America's_Most_Wanted_(group)
622469273,finalized,11,12/28/2014 14:32:42,"transportation,utilities
transportation, delivery,
transport","0.0909
0.0909
0.0909",,"The American River Transportation Company, or ARTCO, is a subsidiary of the Archer Daniels Midland company. ARTCO manages the transportation of ADM products along the Mississippi River, Ohio River, and Illinois River in the United States. ARTCO also manages transportation of Cocoa along the Madeira River in Brazil near Bolivia. ARTCO owns 2,000 barges, plus dozens of towboats and harbor tugboats [2].",American River Transportation Company,http://en.wikipedia.org/wiki/American_River_Transportation_Company
622469274,finalized,11,12/28/2014 14:48:18,"industry
three poligon colors
security zone","0.1818
0.0909
0.0909",,"The Arvand Freezone is a 155 square kilometer industrial and security zone that surrounds Khorramshahr, Abadan, and Minoo Island along the Arvand waterway (known as Shatt al-Arab in Iraq) in Khuzestan Province, Iran.",Arvand Free Zone,http://en.wikipedia.org/wiki/Arvand_Free_Zone
622469275,finalized,11,12/28/2014 14:22:09,"university
University
university, college","0.3636
0.1818
0.0909",,"Bayero University Kano (BUK) is a university situated in Kano, Kano State, Nigeria. It was founded in 1977, when it was renamed from Bayero University College and upgraded from university college to university; in 1980 it ceased functioning as a faculty of the Ahmadu Bello University. It has Faculties of Agriculture, Arts and Islamic Studies, Education, Law, Medicine, Science, Social and Management Sciences and Technology.",Bayero University Kano,http://en.wikipedia.org/wiki/Bayero_University_Kano
622469276,golden,43,"","school
place
education","0.24
0.12
0.08","educational institution
organisation
school
district
place
area
location","The Bentworth School District is a small, rural public school district located in southwestern Pennsylvania. Bentworth School District encompasses approximately 54 square miles (140 km2). It covers the boroughs of Bentleyville, Cokeburg and Ellsworth as well as North Bethlehem Township and Somerset Township in Washington County, Pennsylvania. According to 2000 federal census data, it served a resident population of 8,837. By 2010, Bentworth School District's population declined to 8,555 people.",Bentworth School District,http://en.wikipedia.org/wiki/Bentworth_School_District
622469277,finalized,11,12/28/2014 14:48:18,"college
College
school religion  girl","0.1818
0.1818
0.0909",,"Brigidine College is an Independent Catholic Girls' College, located in the suburb of Indooroopilly less than 8 kilometres (5.0 mi) from the center of Brisbane, Australia.","Brigidine College, Indooroopilly","http://en.wikipedia.org/wiki/Brigidine_College,_Indooroopilly"
622469278,finalized,11,12/28/2014 14:22:09,"school
college
College","0.1818
0.1818
0.1818",,"Brigidine College is an Independent Roman Catholic day school for girls in grades 7 to 12. It is located in the suburb of St. Ives, on the North Shore of Sydney, New South Wales, Australia.Established in 1954 by the Brigidine Sisters, Brigidine has a non-selective enrolment policy and it caters for approximately 900 students from years 7 to 12.","Brigidine College, St Ives","http://en.wikipedia.org/wiki/Brigidine_College,_St_Ives"
622469279,finalized,11,12/28/2014 14:48:18,"school
College
schoolar fun","0.1818
0.1818
0.0909",,"Brigidine College Randwick is a systemic Roman Catholic, secondary, day school for girls, located in Randwick, a south-eastern suburb of Sydney, New South Wales, Australia.",Brigidine College Randwick,http://en.wikipedia.org/wiki/Brigidine_College_Randwick
622469280,finalized,11,12/28/2014 14:32:42,"winter sports
university, snowsports council
sport,winter","0.0909
0.0909
0.0909",,The BUSC or British Universities Snowsports Council promotes participation and competition in skiing and snowboarding at all levels for students in the United Kingdom.,British Universities Snowsports Council,http://en.wikipedia.org/wiki/British_Universities_Snowsports_Council
622469281,finalized,11,12/28/2014 14:48:18,"music
music group
ukrain, music","0.4545
0.1818
0.0909",,Chervona Ruta was a Ukrainian music group that performed between 1971 and 1990. Chervona Ruta group was created in 1971 by Anatoliy Evdokimenko with the Chernivtsi Philharmonic specially for the accompaniment of Sofia Rotaru.,Chervona Ruta (ensemble),http://en.wikipedia.org/wiki/Chervona_Ruta_(ensemble)
622469282,finalized,11,12/28/2014 14:22:09,"publisher
books
united kingdom, books","0.2727
0.1818
0.0909",,"Constable & Robinson Ltd. is a leading independent publisher of fiction and non-fiction books and ebooks.Founded in Edinburgh in 1795 by Archibald Constable as Constable & Co., and by Nick Robinson as Robinson Publishing Ltd in 1983, it is probably the oldest independent publisher in the English-speaking world still operating under the name of its founder.",Constable & Robinson,http://en.wikipedia.org/wiki/Constable_&_Robinson
622469283,finalized,11,12/28/2014 14:48:32,"University
university,education
university, state, buddhism","0.1818
0.0909
0.0909",,"Dhammakaya Open University (DOU) is a Theravada Buddhist school offering instruction by distance-learning. Founded in 2003, it is based in Azusa, California but distributes its courses internationally via liaison centres at branches of the Dhammakaya Foundation. It offers courses in English and Thai.The sole course of studies offered is a B.B. (Bachelor of Buddhism) in Dhamma.",Dhammakaya Open University,http://en.wikipedia.org/wiki/Dhammakaya_Open_University
622469284,finalized,11,2/16/2015 17:18:34,"music
band
musical groups , musical , bands","0.1818
0.1818
0.0909",,Doughboys were a Canadian alternative rock band that were active in the late 1980s and early/mid-1990s. The band was renowned for its musical blend of punk and pop-style melodies.,Doughboys (Canadian band),http://en.wikipedia.org/wiki/Doughboys_(Canadian_band)
622469285,finalized,11,2/16/2015 16:54:07,"video game
videogame
video game, James Bond","0.2727
0.0909
0.0909",,"007: Licence to Kill is a 1989 video game based on the James Bond film of the same name, developed by Quixel and published by Domark in 1989. It was originally released for DOS and then ported to the Amiga, Amstrad CPC, Atari ST, BBC Micro, Commodore 64, MSX and ZX Spectrum.The game's storyline closely follows that of the film, and consists of six scenes in which Bond chases Sanchez, who has murdered Felix Leiter's bride.",007: Licence to Kill,http://en.wikipedia.org/wiki/007:_Licence_to_Kill
622469286,golden,49,"","song
song,music
song, singer, canadian","0.56
0.08
0.04","song
musical work
work","""Adieu"" is a song by Canadian singer Cœur de pirate, from her second studio album Blonde (2011). It was released as a single in Canada on March 19, 2011.",Adieu (Cœur de pirate song),http://en.wikipedia.org/wiki/Adieu_(Cœur_de_pirate_song)
622469287,finalized,11,2/16/2015 17:13:46,"word
songs , music
song,ballad","0.0909
0.0909
0.0909",,"""Adieu"" (""Goodbye"") was the Norwegian entry in the Eurovision Song Contest 1982, performed in Norwegian by Jahn Teigen and Anita Skorgan. The song is a ballad, with the duo taking the roles of lovers ending a relationship. They pledge to remain on good terms, even though they are no longer together.",Adieu (Jahn Teigen and Anita Skorgan song),http://en.wikipedia.org/wiki/Adieu_(Jahn_Teigen_and_Anita_Skorgan_song)
622469288,finalized,11,2/16/2015 17:13:46,"film
singular format
sculpture","0.1818
0.0909
0.0909",,Alraune is a 1918 Hungarian science fiction horror film directed by Michael Curtiz and Edmund Fritz and starring Géza Erdélyi. Little is known about this film which is now believed to be lost. It is a variation on the original legend of Alraune in which a Mad Scientist creates a beautiful but demonic child from the forced union between a woman and a Mandrake root.,Alraune (1918 film),http://en.wikipedia.org/wiki/Alraune_(1918_film)
622469289,finalized,11,2/16/2015 17:52:20,"film
silent science fiction horror film
movie, horror","0.3636
0.1818
0.0909",,"Alraune (also called Unholy Love, Mandrake, or A Daughter of Destiny) is a 1928 German silent science fiction horror film directed by Henrik Galeen and starring Brigitte Helm in which a prostitute is artificially inseminated with the semen of a hanged man. The story is based upon the legend of Alraune and the powers of the mandrake root to impregnate women.",Alraune (1928 film),http://en.wikipedia.org/wiki/Alraune_(1928_film)
622469290,finalized,11,2/16/2015 16:54:07,"movie,horror movie
movie, horror
movie","0.0909
0.0909
0.0909",,"Alraune (also known as Unnatural) is a 1952 science fiction horror film directed by Arthur Maria Rabenalt and starring Hildegard Knef in which a scientist creates a woman who is beautiful and yet soulless, lacking any sense of morality. It is based upon the German myth of Alraune in which a woman is impregnated by a mandrake root. It is the fifth and as of 2007 the final movie to be based upon this myth.The film was produced by Carlton Films and Deutsche Styria Film GmbH.",Alraune (1952 film),http://en.wikipedia.org/wiki/Alraune_(1952_film)
622469291,finalized,11,2/16/2015 16:54:07,"musical, movie
musical,  Cinema
movie, musical","0.0909
0.0909
0.0909",,"April Love is an American musical directed by Henry Levin and produced by David Weisbart, based on the novel Phantom Filly by George Agnew Chamberlain (New York, 1941). Photographed in CinemaScope and DeLuxe Color by Wilfred M.",April Love (film),http://en.wikipedia.org/wiki/April_Love_(film)
622469292,golden,55,"","painting
painting,artwork
artwork","0.56
0.16
0.08","painting
artwork
work",April Love is a painting by the Pre-Raphaelite painter Arthur Hughes which was created between 1855 and 1856.,April Love (painting),http://en.wikipedia.org/wiki/April_Love_(painting)
622469293,finalized,11,2/16/2015 17:52:20,"song
song,music
song, theme, lyrics","0.5455
0.0909
0.0909",,"""April Love"" is a popular song with music by Sammy Fain and lyrics by Paul Francis Webster. It was written as the theme song for a 1957 film of the same name starring Pat Boone and Shirley Jones and directed by Henry Levin. Helped by the release of the film, ""April Love"" became a number-one hit in the United States for Pat Boone in December 1957. In 1958, it was nominated for an Academy Award for Best Music, Original Song.",April Love (song),http://en.wikipedia.org/wiki/April_Love_(song)
622469294,finalized,11,2/16/2015 17:18:34,"music
album
recording, music","0.2727
0.1818
0.0909",,"Arnel Pineda is the first studio album by vocalist Arnel Pineda, several years before he became the lead singer of Journey (former lead singer of The Zoo). Released in 1999 on the Warner Bros. record label, the album was a success in the Philippines where two singles achieved radio play: ""Iiyak Ka Rin"" and ""Sayang"". The album was re-released on iTunes for download (catalog no. 398429923-4).",Arnel Pineda (album),http://en.wikipedia.org/wiki/Arnel_Pineda_(album)
622469295,finalized,11,2/16/2015 16:54:07,"music
record
music,entertainment","0.1818
0.0909
0.0909",,"Ascendancy is the second studio album by American heavy metal band Trivium. Released on March 15, 2005 by Roadrunner Records.",Ascendancy (album),http://en.wikipedia.org/wiki/Ascendancy_(album)
622469296,finalized,11,2/16/2015 17:52:20,"film
movie
movie,film,theatre","0.3636
0.1818
0.0909",,"Ascendancy is a 1983 British film. It tells the story of a woman who is a member of the British landowning 'Ascendancy' in Ireland during World War I. Gradually, she learns about the Irish independence movement, and becomes involved with it.",Ascendancy (film),http://en.wikipedia.org/wiki/Ascendancy_(film)
622469297,finalized,11,2/16/2015 17:18:34,"games
video game
game,entertainment","0.3636
0.0909
0.0909",,"Ascendancy is a 4X science fiction turn-based strategy computer game. It was originally released for MS-DOS in 1995 and was updated and re-released for iOS in 2011 by The Logic Factory. Ascendancy is a galactic struggle to become the dominant life force, hence the title. The game's introductory cinematic states ""Wildly different cultures competed for the same worlds.",Ascendancy (video game),http://en.wikipedia.org/wiki/Ascendancy_(video_game)
622469298,finalized,11,2/16/2015 17:13:46,"sculpture
lowercase
games","0.0909
0.0909
0.0909",,"Azada is an adventure-puzzle casual game developed by Big Fish Studios Europe, and distributed by Big Fish Games. The studio previously developed Mystic Inn and Atlantis Sky Patrol.",Azada (video game),http://en.wikipedia.org/wiki/Azada_(video_game)
622469299,finalized,11,2/16/2015 17:18:34,"songs
song, song record
song, chart, music","0.0909
0.0909
0.0909",,"Blue Daisy is The Brilliant Green's nineteenth single, released in 2010. It peaked at #20 on the Oricon singles chart.",Blue Daisy,http://en.wikipedia.org/wiki/Blue_Daisy
622469300,finalized,11,2/16/2015 17:13:46,"plant
singular format
sculpture","0.3636
0.0909
0.0909",,Hura is a plant genus of the family Euphorbiaceae found in tropical America.,Hura (plant),http://en.wikipedia.org/wiki/Hura_(plant)
622469301,finalized,11,2/16/2015 17:18:34,"wild
specie, animal, taxonomy
mammal, nature","0.0909
0.0909
0.0909",,"Ikonnikov's bat (Myotis ikonnikovi) is a species of vesper bat. An adult Ikonnikov's bat has a body length of 4.2-5.1 cm, a tail of 3.1-4.0 cm, and a wing length of 3.3-3.6 cm. It is found in eastern Siberia, the Ussuri region, Sakhalin, Hokkaido and Honshu (Japan), and the Korean Peninsula.",Ikonnikov's bat,http://en.wikipedia.org/wiki/Ikonnikov's_bat
622469302,finalized,11,2/16/2015 16:54:07,"plant
plants, Iridaceae
plantae","0.2727
0.0909
0.0909",,"The genus Ixia consists of a number of cormous plants native to South Africa from the Iridaceae family and Ixioideae subfamily. Some of them are known as the corn lily. Some distinctive traits include: sword-like leaves, and long wiry stems with star-shaped flowers. It usually prefers well-drained soil. The popular corn lily has specific, not very intense fragrance as vegetables. That is why it's often visited by many insects such as bees.",Ixia,http://en.wikipedia.org/wiki/Ixia
622469303,finalized,11,2/16/2015 17:52:20,"butterfly
butterfly genus
Insects","0.2727
0.1818
0.1818",,"Lycaena is a butterfly genus with a world-wide range. It is commonly divided into several subgenera, such as Antipodolycaena. Many formerly independent genera are now subsumed within Lycaena; the genus Gaiedes may also belong here.[citation needed]",Lycaena,http://en.wikipedia.org/wiki/Lycaena
622469304,finalized,11,2/16/2015 17:52:20,"moth
Insects
moth, insects, animal","0.2727
0.1818
0.0909",,Lycia is a genus of moth in the family Geometridae.,Lycia (moth),http://en.wikipedia.org/wiki/Lycia_(moth)
622469305,finalized,11,2/16/2015 17:13:46,"moth
sculpture
moth,plant","0.1818
0.0909
0.0909",,"Lycia alpina is a moth of the Geometridae family. It is found in the Alps on altitudes between 1,000 and 2,500 meters and in the Jura Mountains.The wingspan is 28–40 mm for males. Females are wingless. Adults are on wing from April to July in one generation per year.The larvae feed on various low-growing plants, Leucanthemum, Rosa, Salix, Scabiosa and Sisymbrium species. It overwinters as a pupa.",Lycia alpina,http://en.wikipedia.org/wiki/Lycia_alpina
622469306,finalized,11,2/16/2015 22:16:45,"insect
Lycia pomonaria
sss","0.1818
0.1818
0.0909",,"Lycia pomonaria is a moth of the Geometridae family. It is found from central and northern Europe through Siberia to the Kamchatka Peninsula.The wingspan is 30–35 mm for males. Females are wingless. Adult males are on wing from April to June. There is one generation per year.The larvae mainly feed on Betula, but also feed on other deciduous trees and Vaccinium species.",Lycia pomonaria,http://en.wikipedia.org/wiki/Lycia_pomonaria
622469307,finalized,11,2/16/2015 22:13:41,"skipper
genus
insect","0.1818
0.1818
0.0909",,Meza is a genus of skippers in the family Hesperiidae.,Meza (genus),http://en.wikipedia.org/wiki/Meza_(genus)
622469308,finalized,11,2/16/2015 22:17:48,"plant
depedia
botany","0.4545
0.0909
0.0909",,"Pineda is a genus of flowering plants in the willow family, Salicaceae. It contains two species of shrubs: Pineda incana, which is native to the Andes of Ecuador and Peru, and Pineda ovata, which is native to the Andes of Bolivia.Pineda is unique among Salicaceae in that the species have 4-5 sepals and petals, hermaphroditic flowers, receptacular disk glands (=nectaries), and outer filamentous staminodes. It is one of few genera of Salicaceae that occur at high elevations.",Pineda (plant),http://en.wikipedia.org/wiki/Pineda_(plant)
622469309,finalized,11,2/16/2015 22:16:45,"insect
ssss
moth","0.1818
0.0909
0.0909",,"Selenia is a genus of moth in the family Geometridae.As of 1999, there were about 24 species in the genus.Species include: Selenia alciphearia - Brown-tipped Thorn, Northern SeleniaSelenia dentaria - Early ThornSelenia kentaria - Kent's GeometerSelenia lunularia - Lunar ThornSelenia tetralunaria - Purple Thorn↑",Selenia (moth),http://en.wikipedia.org/wiki/Selenia_(moth)
622469310,golden,48,"","racehorse
horse
racer","0.32
0.12
0.04","animal
eukaryote
mammal
race horse
horse
species
racehorse","Voltaire (1826 – 16 April 1848) was a British Thoroughbred racehorse. He won five of his six races, including the Doncaster Gold Cup in 1828. After retiring from racing he became a successful stallion, siring St. Leger winner Charles the Twelfth and Voltigeur, who won both the Epsom Derby and the St. Leger. He was bred and owned by Robert Stephenson, before being sold to William Vane, Marquess of Cleveland, whom he raced for as a three-year-old.",Voltaire (racehorse),http://en.wikipedia.org/wiki/Voltaire_(racehorse)
622469311,finalized,11,2/16/2015 22:10:23,"bird
wildlife,bird
dbpedia","0.3636
0.0909
0.0909",,"The Abert's Towhee (Melozone aberti) is a bird of the family Emberizidae, native to a small range in southwestern North America, generally the lower Colorado River and Gila River watersheds, nearly endemic to Arizona, but also present in small parts of California, Nevada, Utah, New Mexico, and Sonora in Mexico.This bird is common in brushy riparian habitats in the Lower Sonoran desert zone but may require some effort to see as it prefers to stay well-hidden under bushes.",Abert's Towhee,http://en.wikipedia.org/wiki/Abert's_Towhee
622469312,finalized,11,2/16/2015 22:13:41,"squirrel
tree
squirrel,rodent","0.1818
0.0909
0.0909",,"Abert's squirrel (or tassel-eared squirrel) (Sciurus aberti) is a tree squirrel in the genus Sciurus endemic to the Rocky Mountains from United States to Mexico, with concentrations found in Arizona, The Grand Canyon, New Mexico, and southwestern Colorado.",Abert's squirrel,http://en.wikipedia.org/wiki/Abert's_squirrel
622469313,finalized,11,2/16/2015 22:17:48,"native
tree,fir,plant
fir","0.1818
0.0909
0.0909",,"Abies amabilis, commonly known as the Pacific silver fir, is a fir native to the Pacific Northwest of North America, occurring in the Pacific Coast Ranges and the Cascade Range from the extreme southeast of Alaska, through western British Columbia, Washington and Oregon, to the extreme northwest of California. It is also commonly referred to as the white fir, red fir, lovely fir, amabilis fir, Cascades fir, or silver fir.",Abies amabilis,http://en.wikipedia.org/wiki/Abies_amabilis
622469314,finalized,11,2/16/2015 22:13:41,"bird
bird,animal
poultry","0.3636
0.1818
0.0909",,"The Abyssinian White-eye or White-breasted White-eye (Zosterops abyssinicus) is a small passerine bird belonging to the genus Zosterops in the white-eye family Zosteropidae. It is native to north-east Africa and southern Arabia.It is 10–12 cm long. The upperparts are green, darker and greyer in northern races. There is a narrow white ring around the eye and a thin black line between the bill and eye. The underparts vary from pale yellow to greyish-white depending on the race.",Abyssinian White-eye,http://en.wikipedia.org/wiki/Abyssinian_White-eye
622469315,finalized,11,2/16/2015 22:10:23,"disease
rare disease
medicine, eye","0.2727
0.0909
0.0909",,"Cogan syndrome is a rare disorder characterized by recurrent inflammation of the front of the eye (the cornea) and often fever, fatigue, and weight loss, episodes of dizziness, and hearing loss. It can lead to deafness or blindness if untreated. The classic form of the disease was first described by D.G. Cogan in 1945.",Cogan syndrome,http://en.wikipedia.org/wiki/Cogan_syndrome
622469316,finalized,11,2/16/2015 22:13:26,"medicine
fibrous bands
scar tissue","0.2727
0.1818
0.0909",,"Adhesions are fibrous bands that form between tissues and organs, often as a result of injury during surgery. They may be thought of as internal scar tissue that connect tissues not normally connected.",Adhesion (medicine),http://en.wikipedia.org/wiki/Adhesion_(medicine)
622469317,finalized,11,2/16/2015 22:13:26,"pneumonia
disease
pulmonary disease","0.1818
0.1818
0.0909",,"Bronchiolitis obliterans organizing pneumonia (BOOP) is a non-infectious pneumonia; specifically, an inflammation of the bronchioles (bronchiolitis) and surrounding tissue in the lungs. It is often a complication of an existing chronic inflammatory disease such as rheumatoid arthritis, or it can be a side effect of certain medications such as amiodarone. BOOP was first described by Dr.",Bronchiolitis obliterans organizing pneumonia,http://en.wikipedia.org/wiki/Bronchiolitis_obliterans_organizing_pneumonia
622469318,golden,48,"","medical
medicine
medical term","0.2
0.08
0.08","disease
symptom",A chignon is a temporary swelling left on an infant's head after a ventouse suction cap has been used to deliver him or her. It is not a sign of serious injury and may take as little as two hours or as long as two weeks to disappear.,Chignon (medical term),http://en.wikipedia.org/wiki/Chignon_(medical_term)
622469319,finalized,11,2/16/2015 22:39:58,"disease
vascular, disease, sclerosis
term developed","0.1818
0.0909
0.0909",,Chronic cerebrospinal venous insufficiency (CCSVI or CCVI) is a term developed by Italian researcher Paolo Zamboni in 2008 to describe compromised flow of blood in the veins draining the central nervous system. Zamboni hypothesized that it played a role in the cause or development of multiple sclerosis (MS).,Chronic cerebrospinal venous insufficiency,http://en.wikipedia.org/wiki/Chronic_cerebrospinal_venous_insufficiency
622469320,finalized,11,2/16/2015 22:16:45,"syndrome
respiratory disease, Obstetric
qqqqqq","0.0909
0.0909
0.0909",,"Congenital pulmonary airway malformation (CPAM), formerly known as congenital cystic adenomatoid malformation (CCAM), is a congenital disorder of the lung similar to bronchopulmonary sequestration. In CPAM, usually an entire lobe of lung is replaced by a non-working cystic piece of abnormal lung tissue. This abnormal tissue will never function as normal lung tissue. The underlying cause for CPAM is unknown.",Congenital pulmonary airway malformation,http://en.wikipedia.org/wiki/Congenital_pulmonary_airway_malformation
622469321,finalized,11,2/16/2015 22:17:48,"medical
medicine
weak or feeble","0.2727
0.1818
0.0909",,"In general, debility refers to a loss of strength. In medicine, debility refers to being weak or feeble.",Debility (medical),http://en.wikipedia.org/wiki/Debility_(medical)
622469322,finalized,11,2/16/2015 22:10:23,"disease
vascular disease
medicine","0.4545
0.0909
0.0909",,"Eales disease is a type of obliterative vasculopathy, also known as angiopathia retinae juvenilis, periphlebitis retinae, primary perivasculitis of the retina, is an ocular disease characterized by inflammation and possible blockage of retinal blood vessels, abnormal growth of new blood vessels (neovascularization), and recurrent retinal and vitreal hemorrhages.",Eales disease,http://en.wikipedia.org/wiki/Eales_disease
622469323,finalized,11,2/16/2015 22:10:23,"injury
traumatic brain
medicine, brain","0.1818
0.0909
0.0909",,"Epidural or extradural hematoma (haematoma) is a type of traumatic brain injury (TBI) in which a buildup of blood occurs between the dura mater (the tough outer membrane of the central nervous system) and the skull. The dura mater also covers the spine, so epidural bleeds may also occur in the spinal column. Often due to trauma, the condition is potentially deadly because the buildup of blood may increase pressure in the intracranial space, compress delicate brain tissue, and cause brain shift.",Epidural hematoma,http://en.wikipedia.org/wiki/Epidural_hematoma
622469324,finalized,11,2/16/2015 22:39:58,"diagnosis
sexo no compatible
psycholgy science","0.2727
0.0909
0.0909",,Gender identity disorder in children (GIDC) is the formal diagnosis used by psychologists and physicians to describe children who experience significant gender dysphoria (discontent with their biological sex and/or assigned gender).The differential diagnosis for children was formalized in the third revision of the Diagnostic and Statistical Manual of Mental Disorders (DSM-III) in 1980. Children assigned as males are diagnosed with GIDC 5 to 30 times more often than children assigned as females.,Gender identity disorder in children,http://en.wikipedia.org/wiki/Gender_identity_disorder_in_children
622469325,finalized,11,2/16/2015 22:16:45,"Genital ulcer
disease
symptom","0.2727
0.1818
0.0909",,"A genital ulcer is located on the genital area, usually caused by a sexually transmitted disease such as genital herpes, syphilis, chancroid, or chlamydia trachomatis. Some other signs of having genital ulcers include enlarged lymph nodes in the groin area, or vesicular lesions, which are small, elevated sores or blisters. The syndrome may be further classified into penile ulceration and vulval ulceration for males and females respectively.Genital ulcers are not strictly a sign of an STD.",Genital ulcer,http://en.wikipedia.org/wiki/Genital_ulcer
622469326,finalized,11,2/16/2015 22:13:26,"central nervous system
disease
nervous system disease","0.2727
0.1818
0.0909",,"Granulomatous amoebic encephalitis (""GAE"") is a central nervous system disease caused by certain species, especially species of Acanthamoeba and Balamuthia mandrillaris.The term is most commonly used with Acanthamoeba. In more modern references, the term ""Balamuthia amoebic encephalitis"" (BAE) is commonly used when Balamuthia mandrillaris is the cause.",Granulomatous amoebic encephalitis,http://en.wikipedia.org/wiki/Granulomatous_amoebic_encephalitis
622469327,finalized,11,2/16/2015 22:39:58,"disease
hip,deformation
health","0.1818
0.0909
0.0909",,"Hip dysplasia, developmental dysplasia of the hip (DDH) or congenital dysplasia of the hip (CDH) is a congenital or developmental deformation or misalignment of the hip joint.",Hip dysplasia (human),http://en.wikipedia.org/wiki/Hip_dysplasia_(human)
622469328,finalized,11,2/16/2015 22:17:48,"saliva
oral disease
medicine","0.1818
0.0909
0.0909",,"Hypersalivation (also called ptyalism and sialorrhea) is excessive production of saliva. It has also been defined as increased amount of saliva in the mouth, which may also be caused by decreased clearance of saliva.Hypersalivation can contribute to drooling if there is an inability to keep the mouth closed or in difficulty in swallowing the excess saliva.Hypersalivation also often precedes emesis (vomiting), where it accompanies nausea (a feeling of needing to vomit).",Hypersalivation,http://en.wikipedia.org/wiki/Hypersalivation
622469329,finalized,11,2/16/2015 22:13:41,"disorder
physiological disorder
medicine.disaese","0.2727
0.1818
0.0909",,"See ""Infantilism"" for other uses of the termIn medicine, Infantilism is an obsolete term for various, often unrelated disorders human development, up to developmental disability, which consist of retention of the physical and/or psychological characteristics of early developmental stages (infant, child) into a relatively advanced age. Various types of infantilism were recognized, lumped together in the above superficial description.",Infantilism (physiological disorder),http://en.wikipedia.org/wiki/Infantilism_(physiological_disorder)
622469330,finalized,11,2/16/2015 22:13:26,"motor race
sport,automobile
sport","0.2727
0.0909
0.0909",,"The 1966 Canadian Grand Prix was a motor race held at Mosport Park on September 24, 1966 held for Sports cars eligible to Can-Am Series regulations and had 30 starters. It was the sixth Canadian Grand Prix and like all previous races was a sports car race. The race doubled as round three of the 1966 Can-Am Series. The race was won by Penske driver Mark Donohue by two laps over Chaparral driver Phil Hill.",1966 Canadian Grand Prix,http://en.wikipedia.org/wiki/1966_Canadian_Grand_Prix
622469331,finalized,11,2/16/2015 22:39:58,"sport
race,motor,car
race,motor","0.0909
0.0909
0.0909",,"The 5th Race of Champions was a non-Championship motor race, run to Formula One rules, held on 22 March 1970 at Brands Hatch circuit in Kent, UK. The race was run over 50 laps of the circuit, and was won by Jackie Stewart in a March 701.",1970 Race of Champions,http://en.wikipedia.org/wiki/1970_Race_of_Champions
622469332,finalized,11,2/16/2015 22:13:41,"race
motor race
racing","0.1818
0.1818
0.0909",,"The 1950 Australian Grand Prix was a Formula Libre motor race held at a street circuit in Nuriootpa, South Australia on 2 January 1950. The race was held over 34 laps of the 7.0 kilometre circuit for a race distance of 164 kilometres.It was the fifteenth Australian Grand Prix and featured a handicap start which saw the slowest cars starting ahead of the faster cars at timed intervals.",1950 Australian Grand Prix,http://en.wikipedia.org/wiki/1950_Australian_Grand_Prix
622469333,finalized,11,2/16/2015 22:13:26,"motor race
sport,automobile
sport","0.2727
0.0909
0.0909",,"The 2012 Italian Grand Prix (formally known as the Formula 1 Gran Premio Santander d'Italia 2012) was a Formula One motor race that took place at the Autodromo Nazionale Monza in Monza, Italy on 9 September 2012. It was the thirteenth race of the 2012 season, and the final race in Europe before the teams return to Asia for the Singapore Grand Prix.Lewis Hamilton qualified on pole, ahead of team-mate Jenson Button.",2012 Italian Grand Prix,http://en.wikipedia.org/wiki/2012_Italian_Grand_Prix
622469334,finalized,11,2/16/2015 22:17:48,"race
sport,race
open road","0.1818
0.0909
0.0909",,"The Targa Florio was an open road endurance automobile race held in the mountains of Sicily near Palermo. Founded in 1906, it was the oldest sports car racing event, part of the World Sportscar Championship between 1955 and 1973.",Targa Florio,http://en.wikipedia.org/wiki/Targa_Florio
622469335,finalized,11,2/16/2015 22:10:23,"sporting event
race, champion
race","0.0909
0.0909
0.0909",,The 2004 Spanish Formula Three season was the fourth Spanish Formula Three season. It began on 25 April at Albacete and ended on 14 November at Circuit de Catalunya in Montmeló after fourteen races. Borja García was crowned series champion.,2004 Spanish Formula Three season,http://en.wikipedia.org/wiki/2004_Spanish_Formula_Three_season
622469336,finalized,11,2/16/2015 22:16:45,"1996 International Touring Car Championship season
racing championship
race,car","0.1818
0.0909
0.0909",,"The 1996 International Touring Car Championship season was the second season of its type. It was for FIA Class 1 Touring Cars and it was contested by Mercedes-Benz, Alfa Romeo and Opel. It was formed of the Deutsche Tourenwagen Meisterschaft series that ran both a short German & International-based series in 1995. These were fused together to form the International Touring Car Championship (abbreviated to ITC).",1996 International Touring Car Championship season,http://en.wikipedia.org/wiki/1996_International_Touring_Car_Championship_season
622469337,finalized,11,2/16/2015 22:39:58,"the second season of the F1600 Championship Series
sport
race,car","0.0909
0.0909
0.0909",,The 2012 F1600 Championship Series season was the second season of the F1600 Championship Series. Matias Köykkä won the championship in the last race of the season.,2012 F1600 Championship Series season,http://en.wikipedia.org/wiki/2012_F1600_Championship_Series_season
622469338,finalized,11,2/19/2015 10:48:31,"motor racing
championship
racing","0.1818
0.1818
0.0909",,"The 2012 Porsche Carrera Cup Great Britain is a multi-event, one make motor racing championship held across England and Scotland. The championship features a mix of professional motor racing teams and privately funded drivers, competing in Porsche 911 GT3 cars that conform to the technical regulations for the championship.",2012 Porsche Carrera Cup Great Britain,http://en.wikipedia.org/wiki/2012_Porsche_Carrera_Cup_Great_Britain
622469339,finalized,11,2/19/2015 10:48:47,"cup
sports
season","0.1818
0.0909
0.0909",,The 2010 Michelin Ginetta G50 Cup was the third Ginetta G50 Cup.,2010 Ginetta G50 Cup season,http://en.wikipedia.org/wiki/2010_Ginetta_G50_Cup_season
622469340,golden,45,"","missile
missile system
weapon","0.28
0.12
0.08","device
weapon
missile system
military weapon
missile","The Buk missile system (Russian: ""Бук""; beech, /bʊk/ BOOK) is a family of self-propelled, medium-range surface-to-air missile systems developed by the former Soviet Union and Russian Federation and designed to engage cruise missiles, smart bombs, fixed- and rotary-wing aircraft, and unmanned aerial vehicles.The Buk missile system is the successor to the NIIP/Vympel 2K12 Kub (NATO reporting name SA-6 ""Gainful"").",Buk missile system,http://en.wikipedia.org/wiki/Buk_missile_system
622469341,golden,45,"","smartphone
phone
Smartphone","0.48
0.12
0.08","device
phone
mobile
mobile phone
smartphone","The Nokia E66 is a slider smartphone in the Nokia Eseries range, a S60 platform third edition device with slide action targeting business users. It is a successor to the Nokia E65 with which it shares many features.E66 has similar features to the Nokia E71 handset, but lacks sufficient battery capacity for all day use and does not have the full QWERTY, however the E66 is smaller in size and weighs less.",Nokia E66,http://en.wikipedia.org/wiki/Nokia_E66
622469342,finalized,11,2/19/2015 13:04:24,"gun
weapon
vehicle","0.3636
0.0909
0.0909",,"The 2S7 Pion (""peony"") or Malka is a Soviet self-propelled gun. ""2S7"" is its GRAU designation. It was identified for the first time in 1975 in the Soviet Army and so was called M-1975 by NATO (the 2S4 Tyulpan also received the M-1975 designation), whereas its official designation is SO-203 (2S7). Its design is based on a T-80 chassis carrying an externally mounted 2A44 203 mm gun on the hull rear.It takes the crew of 7 men 5–6 minutes to come into action and 3–5 minutes to come out of action.",2S7 Pion,http://en.wikipedia.org/wiki/2S7_Pion
622469343,golden,44,"","car
vehicle
scout car,vehicle","0.36
0.08
0.04","car
vehicle
automobile
weapon
automobile engine",The 39M Csaba was an armoured scout car produced for the Royal Hungarian Army during World War II.,39M Csaba,http://en.wikipedia.org/wiki/39M_Csaba
622469344,finalized,11,2/19/2015 13:04:24,"rocket
weapon
rocket,weapon","0.3636
0.2727
0.0909",,"The 7.2-Inch Demolition Rocket, also known as the T37, was a 7.2-inch (180 mm) rocket developed and used by the United States military during World War II. Derived from the ""Mousetrap"" anti-submarine rocket, it was intended for use in demolishing concrete bunkers and fortifications, and saw use from August 1944.",7.2-Inch Demolition Rocket,http://en.wikipedia.org/wiki/7.2-Inch_Demolition_Rocket
622469345,finalized,11,2/19/2015 10:48:47,"asteroid
science
main-belt asteroid","0.4545
0.0909
0.0909",,"1220 Crocus (1932 CU) is a main-belt asteroid discovered on February 11, 1932 by Reinmuth, K. at Heidelberg.Based on lightcurve studies, Crocus has a rotation period of 737 hours, but this figure is based on less than full coverage, so that the period may be wrong by 30 percent or so.",1220 Crocus,http://en.wikipedia.org/wiki/1220_Crocus
622469346,finalized,11,2/19/2015 10:52:32,"asteroid
space, asteroid
main-belt asteroid","0.5455
0.0909
0.0909",,12223 Hoskin (1983 TX) is a main-belt asteroid.,12223 Hoskin,http://en.wikipedia.org/wiki/12223_Hoskin
622469347,finalized,11,2/19/2015 11:14:20,"asteroid
main-belt asteroid
laon","0.4545
0.0909
0.0909",,"12279 Laon (1990 WP4) is a main-belt asteroid discovered on November 16, 1990 by E. W. Elst at the European Southern Observatory.",12279 Laon,http://en.wikipedia.org/wiki/12279_Laon
622469348,finalized,11,2/19/2015 13:04:24,"asteroid
reims
astronomy","0.6364
0.0909
0.0909",,"12280 Reims (1990 WS4) is a main-belt asteroid discovered on November 16, 1990 by E. W. Elst at the European Southern Observatory.",12280 Reims,http://en.wikipedia.org/wiki/12280_Reims
622469349,finalized,11,2/19/2015 11:14:20,"asteroid
main-belt asteroid
latvia","0.4545
0.0909
0.0909",,"1284 Latvia (1933 OP) is a main-belt asteroid discovered on July 27, 1933 by K. Reinmuth at Heidelberg. It is named after the Republic of Latvia.",1284 Latvia,http://en.wikipedia.org/wiki/1284_Latvia
622469350,finalized,11,2/19/2015 13:04:24,"eclipse
event
space ,  planet","0.2727
0.1818
0.0909",,"A partial solar eclipse occurred on January 25, 1982. A solar eclipse occurs when the Moon passes between Earth and the Sun, thereby totally or partly obscuring the image of the Sun for a viewer on Earth. A partial solar eclipse occurs in the polar regions of the Earth when the center of the Moon's shadow misses the Earth.","Solar eclipse of January 25, 1982","http://en.wikipedia.org/wiki/Solar_eclipse_of_January_25,_1982"
622469351,finalized,11,2/19/2015 12:04:37,"solar eclipse
event
eclipse","0.1818
0.1818
0.1818",,"A partial solar eclipse will occur on January 6, 2019.","Solar eclipse of January 6, 2019","http://en.wikipedia.org/wiki/Solar_eclipse_of_January_6,_2019"
622469352,finalized,11,2/19/2015 10:52:32,"solar eclipse
event
solar,eclipse","0.1818
0.1818
0.0909",,"An annular solar eclipse occurred on August 22, 1979. A solar eclipse occurs when the Moon passes between Earth and the Sun, thereby totally or partly obscuring the image of the Sun for a viewer on Earth. An annular solar eclipse occurs when the Moon's apparent diameter is smaller than the Sun's, blocking most of the Sun's light and causing the Sun to look like an annulus (ring). An annular eclipse appears as a partial eclipse over a region of the Earth thousands of kilometres wide.","Solar eclipse of August 22, 1979","http://en.wikipedia.org/wiki/Solar_eclipse_of_August_22,_1979"
622469353,golden,50,"","solar eclipse
eclipse
event","0.16
0.16
0.12","solar eclipse
natural event
event
eclipse","A partial solar eclipse will occur on June 13, 2094. A solar eclipse occurs when the Moon passes between Earth and the Sun, thereby totally or partly obscuring the image of the Sun for a viewer on Earth. A partial solar eclipse occurs in the polar regions of the Earth when the center of the Moon's shadow misses the Earth.","Solar eclipse of June 13, 2094","http://en.wikipedia.org/wiki/Solar_eclipse_of_June_13,_2094"
622469354,golden,55,"","solar eclipse
eclipse
natural event","0.16
0.16
0.08","solar eclipse
natural event
event
eclipse","A total solar eclipse will occur on September 26, 2117. A solar eclipse occurs when the Moon passes between Earth and the Sun, thereby totally or partly obscuring the image of the Sun for a viewer on Earth. A total solar eclipse occurs when the Moon's apparent diameter is larger than the Sun, blocking all direct sunlight, turning day into darkness.","Solar eclipse of September 26, 2117","http://en.wikipedia.org/wiki/Solar_eclipse_of_September_26,_2117"
622469355,finalized,11,2/19/2015 10:52:32,"game
video, game
role-playing game, entertainment","0.3636
0.0909
0.0909",,"Cyberspace is a cyberpunk role-playing game published by Iron Crown Enterprises and using a somewhat modified version of their Spacemaster ruleset. The primary setting of Cyberspace is the urban sprawl around San Francisco in the year 2090.The game was out of print and unavailable for a number of years around the turn of the millennium, but is now available, with all of its supplements, from the publisher's homepage in a PDF format.",Cyberspace (role-playing game),http://en.wikipedia.org/wiki/Cyberspace_(role-playing_game)
622469356,golden,48,"","game
board game
board games","0.52
0.2
0.12","board game
game
activity","Get Out is one of the earliest board games published by Cheapass Games. Players are trying to move out of their parents' basements. They roll dice and move around the board, trying to collect jobs and apartments.The board for Get Out is similar in concept to the board used for Monopoly, though there are three rings on the board.",Get Out (board game),http://en.wikipedia.org/wiki/Get_Out_(board_game)
622469357,finalized,11,2/19/2015 12:04:37,"game
board game
game,board","0.5455
0.3636
0.0909",,"Headache is a board game similar to Trouble in which the object is to land a playing piece on top of all opponents' pieces (known as ""cones""). The game is distinct from Trouble in that there is no finish the player must reach. Play moves in circles, until only one player has cones remaining on the board, being declared the winner.",Headache (game),http://en.wikipedia.org/wiki/Headache_(game)
622469358,golden,48,"","conference
Conference
sport","0.2
0.2
0.08","activity
sport
event
sports event
societal event
social event",The Illinois Intercollegiate Athletic Conference (IIAC) was a college athletic conference that existed from 1908 to 1970 in the United States.,Illinois Intercollegiate Athletic Conference,http://en.wikipedia.org/wiki/Illinois_Intercollegiate_Athletic_Conference
622469359,finalized,11,2/19/2015 10:52:32,"game
board game
yes","0.3636
0.2727
0.0909",,"Junta is a board game designed by Vincent Tsao originally published by Capri in 1975, and later published, as of 1985, by West End Games. Players compete as the corrupt power elite families of a fictional parody of a stereotypical banana republic (specifically Republica de los Bananas) trying to get as much money as possible into their Swiss bank accounts before the foreign aid money runs out.",Junta (game),http://en.wikipedia.org/wiki/Junta_(game)
622469431,finalized,11,2/19/2015 10:48:31,"person
journalist
writer,journalist,editor","0.1818
0.1818
0.0909",,"David Yelland (born 14 May 1963) is a British writer, a former journalist and editor of The Sun and a partner at Brunswick Group LLP, a global financial public relations and communications company in London. He regularly appears on radio and television.",David Yelland (journalist),http://en.wikipedia.org/wiki/David_Yelland_(journalist)
622487419,finalized,11,2/19/2015 10:48:47,"journalists
writer
journalist,wine","0.1818
0.0909
0.0909",,"Dorothy J. Gaiter and John Brecher are American journalists, authors and wine critics, wife and husband who jointly wrote a wine column in The Wall Street Journal titled ""Tastings"" between 1998-2009. They rated wines on a scale that ranges from ""Yech"", ""OK"", ""Good"", ""Very Good"", ""Delicious"" to ""Delicious!"". Their careers began simultaneously and have remained connected since their first meeting in the newsroom of The Miami Herald in 1973.",Dorothy Gaiter and John Brecher,http://en.wikipedia.org/wiki/Dorothy_Gaiter_and_John_Brecher
622487551,finalized,11,2/19/2015 10:48:31,"smartphone
smartphone,nokia
smartphone, communication, mobile phone","0.2727
0.0909
0.0909",,"The Nokia E66 is a slider smartphone in the Nokia Eseries range, a S60 platform third edition device with slide action targeting business users. It is a successor to the Nokia E65 with which it shares many features.E66 has similar features to the Nokia E71 handset, but lacks sufficient battery capacity for all day use and does not have the full QWERTY, however the E66 is smaller in size and weighs less.",Nokia E66,http://en.wikipedia.org/wiki/Nokia_E66
622487697,finalized,11,2/19/2015 10:52:32,"song
singer
song,music","0.4545
0.1818
0.0909",,"""Adieu"" is a song by Canadian singer Cœur de pirate, from her second studio album Blonde (2011). It was released as a single in Canada on March 19, 2011.",Adieu (Cœur de pirate song),http://en.wikipedia.org/wiki/Adieu_(Cœur_de_pirate_song)
622487767,finalized,11,2/19/2015 10:48:31,"missile
missile system
missile, russian millitary","0.3636
0.2727
0.0909",,"The Buk missile system (Russian: ""Бук""; beech, /bʊk/ BOOK) is a family of self-propelled, medium-range surface-to-air missile systems developed by the former Soviet Union and Russian Federation and designed to engage cruise missiles, smart bombs, fixed- and rotary-wing aircraft, and unmanned aerial vehicles.The Buk missile system is the successor to the NIIP/Vympel 2K12 Kub (NATO reporting name SA-6 ""Gainful"").",Buk missile system,http://en.wikipedia.org/wiki/Buk_missile_system
622487816,finalized,11,2/19/2015 11:14:20,"game
board game
get out","0.2727
0.2727
0.0909",,"Get Out is one of the earliest board games published by Cheapass Games. Players are trying to move out of their parents' basements. They roll dice and move around the board, trying to collect jobs and apartments.The board for Get Out is similar in concept to the board used for Monopoly, though there are three rings on the board.",Get Out (board game),http://en.wikipedia.org/wiki/Get_Out_(board_game)
622487836,finalized,11,2/19/2015 10:48:47,"solar eclipse
solar
science","0.1818
0.0909
0.0909",,"A total solar eclipse will occur on September 26, 2117. A solar eclipse occurs when the Moon passes between Earth and the Sun, thereby totally or partly obscuring the image of the Sun for a viewer on Earth. A total solar eclipse occurs when the Moon's apparent diameter is larger than the Sun, blocking all direct sunlight, turning day into darkness.","Solar eclipse of September 26, 2117","http://en.wikipedia.org/wiki/Solar_eclipse_of_September_26,_2117"
622487873,finalized,11,2/19/2015 10:48:47,"painting
painting, art
april","0.5455
0.0909
0.0909",,April Love is a painting by the Pre-Raphaelite painter Arthur Hughes which was created between 1855 and 1856.,April Love (painting),http://en.wikipedia.org/wiki/April_Love_(painting)
622487940,finalized,11,2/19/2015 12:04:37,"college
conference
event","0.2727
0.1818
0.0909",,The Illinois Intercollegiate Athletic Conference (IIAC) was a college athletic conference that existed from 1908 to 1970 in the United States.,Illinois Intercollegiate Athletic Conference,http://en.wikipedia.org/wiki/Illinois_Intercollegiate_Athletic_Conference
622488112,finalized,11,2/19/2015 12:04:37,"producer
person
producer, film","0.5455
0.1818
0.0909",,"For other people of this name, see Edward Black.Edward Black (18 August 1900, Birmingham - 30 November 1948, London) was an English film producer.",Edward Black (producer),http://en.wikipedia.org/wiki/Edward_Black_(producer)
622501419,finalized,11,2/19/2015 11:14:20,"swelling
temporary swelling left
symptom","0.1818
0.0909
0.0909",,A chignon is a temporary swelling left on an infant's head after a ventouse suction cap has been used to deliver him or her. It is not a sign of serious injury and may take as little as two hours or as long as two weeks to disappear.,Chignon (medical term),http://en.wikipedia.org/wiki/Chignon_(medical_term)
622509444,finalized,11,2/19/2015 11:14:20,"car
scout car
military vehicles","0.3636
0.0909
0.0909",,The 39M Csaba was an armoured scout car produced for the Royal Hungarian Army during World War II.,39M Csaba,http://en.wikipedia.org/wiki/39M_Csaba
622531633,finalized,11,2/19/2015 12:04:37,"school
school, education
education","0.6364
0.0909
0.0909",,"The Bentworth School District is a small, rural public school district located in southwestern Pennsylvania. Bentworth School District encompasses approximately 54 square miles (140 km2). It covers the boroughs of Bentleyville, Cokeburg and Ellsworth as well as North Bethlehem Township and Somerset Township in Washington County, Pennsylvania. According to 2000 federal census data, it served a resident population of 8,837. By 2010, Bentworth School District's population declined to 8,555 people.",Bentworth School District,http://en.wikipedia.org/wiki/Bentworth_School_District
622531761,finalized,11,2/19/2015 10:48:31,"eclipse
solar eclipse
solar,eclipse","0.2727
0.1818
0.0909",,"A partial solar eclipse will occur on June 13, 2094. A solar eclipse occurs when the Moon passes between Earth and the Sun, thereby totally or partly obscuring the image of the Sun for a viewer on Earth. A partial solar eclipse occurs in the polar regions of the Earth when the center of the Moon's shadow misses the Earth.","Solar eclipse of June 13, 2094","http://en.wikipedia.org/wiki/Solar_eclipse_of_June_13,_2094"
622532977,finalized,11,2/19/2015 13:04:24,"racehorse
horse
voltaire","0.2727
0.2727
0.0909",,"Voltaire (1826 – 16 April 1848) was a British Thoroughbred racehorse. He won five of his six races, including the Doncaster Gold Cup in 1828. After retiring from racing he became a successful stallion, siring St. Leger winner Charles the Twelfth and Voltigeur, who won both the Epsom Derby and the St. Leger. He was bred and owned by Robert Stephenson, before being sold to William Vane, Marquess of Cleveland, whom he raced for as a three-year-old.",Voltaire (racehorse),http://en.wikipedia.org/wiki/Voltaire_(racehorse)
