_unit_id,_golden,_unit_state,_trusted_judgments,_last_judgment_at,category,category:confidence,new_category_if_other,c1,c10,c2,c3,c4,c5,c6,c7,c8,c9,category_gold,category_gold_reason,image_url,item_title,link,new_category_if_other_gold,new_category_if_other_gold_reason
672891252,true,golden,71,"",person,1.0,"",game,muscle,sport,agent,organisation,person,deity,family,anatomical structure,lymph,"agent
person","the best matching category in the provided list is ""person"", superordinate category ""agent"" is also correct. If you choose ""other"", proper category is expected to be supplemented.","David Yelland (born 14 May 1963) is a British writer, a former journalist and editor of The Sun and a partner at Brunswick Group LLP, a global financial public relations and communications company in London. He regularly appears on radio and television.",David Yelland (journalist),http://en.wikipedia.org/wiki/David_Yelland_(journalist),"writer
editor
journalist
author","writer,editor,journalist, author can also be used to categorise this item."
672891254,true,golden,61,"",place,0.6205,"River
river
rivers
nature
river
river
River
River
natural formation .. river
River
river
River
River
river
river
waters
river
river
river information",person function,mountain,political function,profession,place,garden,ski area,architectural structure,historic place,monument,place,"The most matching category in the provided option is ""place"".","The American River is a tributary of the Naches River, in Washington in the United States. It flows down the east side of the Cascade Range, through Wenatchee National Forest and the William O. Douglas Wilderness.From its source at American Lake, it flows north for several miles, picking up its tributary the Rainier Fork American River, which flows east down from the vicinity of Chinook Pass.",American River (Washington),http://en.wikipedia.org/wiki/American_River_(Washington),"river
natural place","""river"", ""natural place"" could also categorize this item. note: the answer is expected to be in singular format and lower case."""
672891255,true,golden,64,"",organisation,0.8251,"school
school district
school district
District
lugar
school
place
Administrative division / District
District
region
institution
education
public schools
which is placed
place
school
area
school
school
district
School
School
public
School District
school",game,muscle,sport,agent,organisation,person,deity,family,anatomical structure,lymph,"agent
organisation","The most matching category in the provided option is ""organisation"".""agent"" is a superordinate category which is also correct.","The Bentworth School District is a small, rural public school district located in southwestern Pennsylvania. Bentworth School District encompasses approximately 54 square miles (140 km2). It covers the boroughs of Bentleyville, Cokeburg and Ellsworth as well as North Bethlehem Township and Somerset Township in Washington County, Pennsylvania. According to 2000 federal census data, it served a resident population of 8,837. By 2010, Bentworth School District's population declined to 8,555 people.",Bentworth School District,http://en.wikipedia.org/wiki/Bentworth_School_District,"district
location
school
educational institute
area","""school"", ""district"" ,""area"" or  ""location"" could be used to categorize this item as well."""
672891256,true,golden,69,"",species,0.7406,"animal
Animal
animal
ANIMAL
tree
animal
animal
Place",Satellite,Swarm,ArtificialSatellite,species,archaea,bacteria,eukaryote,sports season,motorsport season,sports team season,"species
eukaryote","The most matching category in the provided option is ""eukaryote"". ""species"" is a superordinate category which is also correct.  ""animal"", ""squirrel"" , "" tree squirrel"" could be used to categorize the item into more specific category.","Abert's squirrel (or tassel-eared squirrel) (Sciurus aberti) is a tree squirrel in the genus Sciurus endemic to the Rocky Mountains from United States to Mexico, with concentrations found in Arizona, The Grand Canyon, New Mexico, and southwestern Colorado.",Abert's squirrel,http://en.wikipedia.org/wiki/Abert's_squirrel,"animal
squirrel
tree squirrel","""animal"", ""squirrel"", ""tree squirrel"" could also be used to categorize this item."""
672891257,true,golden,70,"",disease,0.9696,"",disease,star,Biomolecule,enzyme,protein,gene,celestial body,asteroid,galaxy,planet,disease,"The most matching category in the provided option is ""disease"".","Granulomatous amoebic encephalitis (""GAE"") is a central nervous system disease caused by certain species, especially species of Acanthamoeba and Balamuthia mandrillaris.The term is most commonly used with Acanthamoeba. In more modern references, the term ""Balamuthia amoebic encephalitis"" (BAE) is commonly used when Balamuthia mandrillaris is the cause.",Granulomatous amoebic encephalitis,http://en.wikipedia.org/wiki/Granulomatous_amoebic_encephalitis,,
672891258,true,golden,70,"",motorsport season,0.7112,"",eukaryote,year,sports season,motorsport season,sports team season,Swarm,Globular Swarm,Open Swarm,time period,year in spaceflight,"sports season
motorsport season","The most matching category in the provided option is ""motorsport season"". ""sports season"" is a superordinate category which is also correct.",The 2010 Michelin Ginetta G50 Cup was the third Ginetta G50 Cup.,2010 Ginetta G50 Cup season,http://en.wikipedia.org/wiki/2010_Ginetta_G50_Cup_season,sport season,""
672891259,true,golden,72,"",weapon,0.9416,Missile System,chemical compound,Instrument,mineral,chemical element,contest,device,automobile engine,information appliance,weapon,camera,"device
weapon","The most matching category in the provided option is ""weapon"". ""device"" is a superordinate category which is also correct.  missile system"" or ""missile"" is also correct specific category.","The Buk missile system (Russian: ""__к""; beech, /b_k/ BOOK) is a family of self-propelled, medium-range surface-to-air missile systems developed by the former Soviet Union and Russian Federation and designed to engage cruise missiles, smart bombs, fixed- and rotary-wing aircraft, and unmanned aerial vehicles.The Buk missile system is the successor to the NIIP/Vympel 2K12 Kub (NATO reporting name SA-6 ""Gainful"").",Buk missile system,http://en.wikipedia.org/wiki/Buk_missile_system,"missile
missile system","""missile system"" or ""missile"" could also be used categorize this item."""
672891260,true,golden,78,"",device,0.9022,"mobile phone
mobile phone
slider smartphone
smartphone
Communication system",star,information appliance,constellation,chemical substance,chemical compound,mineral,chemical element,contest,device,automobile engine,device,"The most matching category in the provided option is ""device"".""phone"", ""mobile"" or  ""smartphone""  is also correct specific category for this item.","The Nokia E66 is a slider smartphone in the Nokia Eseries range, a S60 platform third edition device with slide action targeting business users. It is a successor to the Nokia E65 with which it shares many features.E66 has similar features to the Nokia E71 handset, but lacks sufficient battery capacity for all day use and does not have the full QWERTY, however the E66 is smaller in size and weighs less.",Nokia E66,http://en.wikipedia.org/wiki/Nokia_E66,"phone
mobile
smartphone
cellphone
mobile phone
cell phone
smart phone","""phone"",   ""mobile"",   ""smartphone"", ""mobile phone"" can also be used to categorize this item. Please pay attention to provide the category name in lower case, singular format"""
672891261,true,golden,72,"",weapon,0.9167,cohete,device,natural event,automobile engine,information appliance,weapon,camera,Instrument,Historical district,societal event,event,"device
weapon","The most matching category in the provided option is ""weapon"". ""device"" is a superordinate category which is also correct.  ""rocket"", ""anti-submarine rocket"" could be used to categorize the item into more specific category.","The 7.2-Inch Demolition Rocket, also known as the T37, was a 7.2-inch (180 mm) rocket developed and used by the United States military during World War II. Derived from the ""Mousetrap"" anti-submarine rocket, it was intended for use in demolishing concrete bunkers and fortifications, and saw use from August 1944.",7.2-Inch Demolition Rocket,http://en.wikipedia.org/wiki/7.2-Inch_Demolition_Rocket,"rocket
anti-submarine rocket","""rocket"" or ""anti-submarine rocket"" could be used to categorize the item into more specific category."""
672891262,true,golden,66,"",asteroid,0.8279,"",Nobel Prize,galaxy,medicine,disease,Biomolecule,enzyme,protein,gene,celestial body,asteroid,"celestial body
asteroid","The most matching category in the provided option is ""asteroid"".""celestial body"" is a superordinate category which is also correct.","1220 Crocus (1932 CU) is a main-belt asteroid discovered on February 11, 1932 by Reinmuth, K. at Heidelberg.Based on lightcurve studies, Crocus has a rotation period of 737 hours, but this figure is based on less than full coverage, so that the period may be wrong by 30 percent or so.",1220 Crocus,http://en.wikipedia.org/wiki/1220_Crocus,,
672891263,true,golden,73,"",asteroid,1.0,nothing specific is written,celestial body,chemical element,asteroid,galaxy,planet,star,constellation,chemical substance,chemical compound,mineral,"celestial body
asteroid","The most matching category in the provided option is ""asteroid"". ""celestial body"" is a superordinate category which is also correct.",12223 Hoskin (1983 TX) is a main-belt asteroid.,12223 Hoskin,http://en.wikipedia.org/wiki/12223_Hoskin,,
672891264,true,golden,82,"",asteroid,1.0,"",celestial body,chemical element,asteroid,galaxy,planet,star,constellation,chemical substance,chemical compound,mineral,"celestial body
asteroid","The most matching category in the provided option is ""asteroid"". ""celestial body"" is a superordinate category which is also correct.","12280 Reims (1990 WS4) is a main-belt asteroid discovered on November 16, 1990 by E. W. Elst at the European Southern Observatory.",12280 Reims,http://en.wikipedia.org/wiki/12280_Reims,,
672891265,true,golden,68,"",natural event,0.7788,Solar eclipse,automobile engine,life cycle event,information appliance,weapon,camera,Instrument,Historical district,societal event,event,natural event,"event
natural event","The most matching category in the provided option is ""natural event"". ""event"" is a superordinate category which is also correct.","A partial solar eclipse occurred on January 25, 1982. A solar eclipse occurs when the Moon passes between Earth and the Sun, thereby totally or partly obscuring the image of the Sun for a viewer on Earth. A partial solar eclipse occurs in the polar regions of the Earth when the center of the Moon's shadow misses the Earth.","Solar eclipse of January 25, 1982","http://en.wikipedia.org/wiki/Solar_eclipse_of_January_25,_1982","eclipse
solar eclipse","""eclipse"" or  ""solar eclipse"" could be used to categorise the item into more specific category."""
672891266,true,golden,77,"",event,0.8398,"galaxy
scientific event
natural event
Cience
natural event
science
solar eclipse
Astronomía/evento natural
partial solar eclipse
celestial event
natural event
natural event
eat sun",contest,event,device,automobile engine,information appliance,weapon,camera,Instrument,Historical district,societal event,event,"The most matching category in the provided option is ""event"".""natural event"", ""eclipse"" or  ""solar eclipse"" could be used to categorize the item into more specific category.","A partial solar eclipse will occur on January 6, 2019.","Solar eclipse of January 6, 2019","http://en.wikipedia.org/wiki/Solar_eclipse_of_January_6,_2019","eclipse
solar eclipse
natural event","""natural event"", ""eclipse"" or  ""solar eclipse"" could be used to categorise the item into more specific category."""
672891267,true,golden,51,"",organisation,0.4264,"Conference
Conference
Conference
Conference",activity,lymph,game,sport,agent,organisation,person,deity,family,anatomical structure,"activity
sport","The most matching category in the provided option is ""sport"".""activity"" is a superordinate category which is also correct.",The Illinois Intercollegiate Athletic Conference (IIAC) was a college athletic conference that existed from 1908 to 1970 in the United States.,Illinois Intercollegiate Athletic Conference,http://en.wikipedia.org/wiki/Illinois_Intercollegiate_Athletic_Conference,"conference
athletic conference
sport event ","""conference"",""athletic conference"",""sport event"" could be used to categorise the item into more specific category."""
672891909,false,finalized,5,2/11/2015 15:42:45,other,0.4317,"ethnic group
community",activity,lymph,game,sport,agent,organisation,person,deity,family,anatomical structure,,,The Beda people are a community found in Jammu and Kashmir.,Beda people,http://en.wikipedia.org/wiki/Beda_people,,
672891910,false,finalized,5,2/11/2015 15:44:04,deity,0.6108,"castle
caste",activity,lymph,game,sport,agent,organisation,person,deity,family,anatomical structure,,,"Ezhava is a caste in Kerala. Shiva is a Hindu god. Ezhava Siva refers to Siva idol consecrated by social reformer Sree Narayana Guru at Aruvippuram, in 1888. This was major break from tradition as installation of idols by non Brahmins was considered blasphemy and Sree Narayana Guru belonged to the lower caste Ezhava community.",Ezhava Siva,http://en.wikipedia.org/wiki/Ezhava_Siva,,
672891911,false,finalized,5,2/11/2015 15:40:43,organisation,0.3636,"",activity,lymph,game,sport,agent,organisation,person,deity,family,anatomical structure,,,"The Liga Atl’©tica Interuniversitaria de Puerto Rico, often abbreviated LAI, (English: ""Puerto Rico Inter-university Athletics League"", LAI) is a college athletics conference in Puerto Rico. The LAI is a non-profit organization whose main purpose is to regulate sports amongst its member institutions.",Liga Atl’©tica Interuniversitaria de Puerto Rico,http://en.wikipedia.org/wiki/Liga_Atl’©tica_Interuniversitaria_de_Puerto_Rico,,
672891912,false,finalized,5,2/11/2015 15:39:55,other,0.7907,"engine
vehicle
automobile engine
automobile engine",activity,lymph,game,sport,agent,organisation,person,deity,family,anatomical structure,,,The Mercedes-Benz M119 was a V8 automobile engine produced from 1989 through 1999. It was available in 4.2 L; 5.0 L; and 6.0 L displacements. It was a double overhead cam design with 4 valves per cylinder and variable valve timing on the intake side.,Mercedes-Benz M119 engine,http://en.wikipedia.org/wiki/Mercedes-Benz_M119_engine,,
672891913,false,finalized,5,2/11/2015 15:44:04,other,1.0,"vehicle
vehicle
vehicle
motor vehicle
Trucks",activity,lymph,game,sport,agent,organisation,person,deity,family,anatomical structure,,,"The Renault Midlum, of Renault Trucks Distribution range, (7.5Š—_8 tonnes) was a vehicle specially dedicated to urban distribution and local services. It was launched in 2000, and by 2010, the 100,000 unit was manufactured.The range was revised in 2006, fitted with new 5- and 7-litre engines. The Midlum was replaced by the Renault Trucks D.",Renault Midlum,http://en.wikipedia.org/wiki/Renault_Midlum,,
672891914,false,finalized,5,2/11/2015 15:33:50,organisation,0.814,isolationist group,activity,lymph,game,sport,agent,organisation,person,deity,family,anatomical structure,,,"The All Tripura Tiger Force (ATTF) is an isolationist group from the Tripura region of India. It was founded on July 11, 1990, by a group of former Tripura National Volunteer members under the leadership of Ranjit Debbarma. The ATTF is currently considered a terrorist organization by India. The rebellion, in which it is involved is the Tripura Rebellion. According to the South Asian Terrorism Portal, approximately 90% of the ATTF's administration are Hindu and the rest are Christian.",All Tripura Tiger Force,http://en.wikipedia.org/wiki/All_Tripura_Tiger_Force,,
672891915,false,finalized,5,2/11/2015 15:37:10,place,0.6176,revenue division,space station,garden,spacecraft,name,given name,surname,person function,political function,profession,place,,,"Attur division is a revenue division in the Salem district of Tamil Nadu, India.",Attur division,http://en.wikipedia.org/wiki/Attur_division,,
672891916,false,finalized,5,2/11/2015 15:41:18,person,1.0,"",sport,vein,agent,organisation,person,deity,family,anatomical structure,lymph,muscle,,,"Hasan II (Persian: __ª_, also known as Fakhr al-Dawla Hasan (Persian: ª__ _ªÜ_ª_ªÜªö __ª_, was the last ruler of the Bavand dynasty from 1334 to 1349. He was the brother, and successor of Sharaf al-Muluk.",Hasan II (Bavandid ruler),http://en.wikipedia.org/wiki/Hasan_II_(Bavandid_ruler),,
672891917,false,finalized,5,2/11/2015 15:39:17,historic place,0.3724,"",profession,park,place,garden,ski area,architectural structure,historic place,monument,mountain,natural place,,,"The Mareth Line was a system of fortifications built by the French between the towns of Medenine and Gab’ås in southern Tunisia, prior to World War II. It was designed to defend against attacks from the Italians in Libya, but following the Fall of France and Operation Torch it fell into Axis hands and was used by the Italians and Germans to defend against the British instead.",Mareth Line,http://en.wikipedia.org/wiki/Mareth_Line,,
672891918,false,finalized,5,2/11/2015 15:39:03,activity,0.5459,day observation,activity,lymph,game,sport,agent,organisation,person,deity,family,anatomical structure,,,"National Education Day is an annual observance in India to commemorate the birth anniversary of Maulana Abul Kalam Azad, the first education minister of independent India, who served from 15 August 1947 until 2 February 1958. National Education Day of India is celebrated on 11 November. </ref>",National Education Day (India),http://en.wikipedia.org/wiki/National_Education_Day_(India),,
672891919,false,finalized,5,2/11/2015 15:40:49,place,0.4264,"",place,populated place,garden,ski area,architectural structure,historic place,monument,mountain,natural place,park,,,"The Rang Mahal or Palace of Colour is located in the Red Fort, Delhi.It originally served as a part of the imperial harem and was known as the Palace of Distinction (Imtiyaz Mahal) during the rule of Shah Jahan. After the British occupied the fort in 1857, Rang Mahal was used as a mess hall for a brief time.The building's interior was once richly painted and decorated.",Rang Mahal (Red Fort),http://en.wikipedia.org/wiki/Rang_Mahal_(Red_Fort),,
672891920,false,finalized,5,2/11/2015 15:38:53,person,1.0,"",activity,lymph,game,sport,agent,organisation,person,deity,family,anatomical structure,,,"Hailu Tekle Haymanot, KBE (1868Š—_950), also named Hailu II of Gojjam, was an army commander and a member of the nobility of the Ethiopian Empire. He represented a provincial ruling elite who were often at odds with the Ethiopian central government. Hailu Tekle Haymanot was an independent-minded potentate who, throughout his life, was mistrustful and mistrusted by the Emperor.",Hailu Tekle Haymanot,http://en.wikipedia.org/wiki/Hailu_Tekle_Haymanot,,
672891921,false,finalized,5,2/11/2015 15:41:46,automobile engine,0.808,transmission,mineral,Historical district,chemical element,contest,device,automobile engine,information appliance,weapon,camera,Instrument,,,"The G4A-EL was a 4-speed automatic transmission from Mazda. It was Mazda's first four-speed transmission on its introduction in 1987.The original 1987 G4A-EL included three shift solenoids, a lockup solenoid, a vane-type pump, and a throttle cable. It was redesigned for 1988 and used in the Ford Probe the next year under the 4EAT-G name by Ford.Applications: 1987Š—_992 Mazda 626 1989Š—_992 Mazda MX-6 1989Š—_992 Ford Probe 1990Š—_991 Mazda 323 AWD",Mazda G4A-EL transmission,http://en.wikipedia.org/wiki/Mazda_G4A-EL_transmission,,
672891922,false,finalized,5,2/11/2015 15:44:14,other,0.8214,"airplane
Sail Plane
glider/automotive
plane",chemical compound,Instrument,mineral,chemical element,contest,device,automobile engine,information appliance,weapon,camera,,,"The TeST TST-10 Atlas is a single-seat, standard class sailplane, with a 15 m (49 ft 3 in) wingspan, manufactured by TeST Gliders in The Czech Republic. It is available both as a pure glider (TST-10) and self-launching glider (TST-10M).",TeST TST-10 Atlas,http://en.wikipedia.org/wiki/TeST_TST-10_Atlas,,
672891923,false,finalized,5,2/11/2015 15:44:09,organisation,1.0,"",activity,lymph,game,sport,agent,organisation,person,deity,family,anatomical structure,,,"In India, a number of library consortia operate to share e-resources among member libraries to serve their users. The Ministry of Communications and Information Technology oversees the MCIT Library Consortium to subscribe to and share e-resources at highly discounted rates, and to extend to its services to various organisations and institutions under its umbrella.",MCIT Library Consortium,http://en.wikipedia.org/wiki/MCIT_Library_Consortium,,
672891924,false,finalized,5,2/11/2015 15:44:14,garden,0.6071,"",political function,natural place,profession,place,garden,ski area,architectural structure,historic place,monument,mountain,,,"Padmapuram Gardens is a tourist attraction in the Araku valley in Andhra Pradesh, India. The gardens have a good collection of appealing plants and flowers.",Padmapuram Gardens,http://en.wikipedia.org/wiki/Padmapuram_Gardens,,
672891925,false,finalized,5,2/11/2015 15:40:49,event,0.8173,"",Instrument,comics character,Historical district,societal event,event,natural event,life cycle event,family,Noble family,fictional character,,,"The 2013 Kolkata market fire was a fire accident that occurred in five-storeyed market place in Kolkata on 27 February 2013, the capital city of West Bengal, India. An estimated 19 people, who were mostly labourers working in the market were killed in the accident. Initial reports indicate the fire might have been initiated by short circuit in the first floor of the market. The fire accident in the second major one in Kolkata after the 2011 AMRI hospital fire accident that killed 90 people.",2013 Kolkata market fire,http://en.wikipedia.org/wiki/2013_Kolkata_market_fire,,
672891926,false,finalized,5,2/11/2015 15:43:31,other,0.6448,"event, scandal
event
political event",activity,lymph,game,sport,agent,organisation,person,deity,family,anatomical structure,,,"The Scorpene deal scam was an Indian bribery scandal, in which Rs. 500 crores (about USD 10 mn) were alleged to have been paid to government decision makers by Thales, the makers of the Scorpene submarine. Defence minister Pranab Mukherjee had approved the submarine deal worth Rs 19,000 crore with Thales in October 2005. The investigating agency, Central Bureau of Investigation (CBI), found no evidence of corruption in the deal in 2008.",Scorpene deal scam,http://en.wikipedia.org/wiki/Scorpene_deal_scam,,
672891927,false,finalized,5,2/11/2015 15:39:17,other,0.7828,"sports
sports
team, sports team, basketball team
Sport",automobile engine,life cycle event,information appliance,weapon,camera,Instrument,Historical district,societal event,event,natural event,,,"The Cal Poly Mustangs men's basketball team represents California Polytechnic State University, located in San Luis Obispo, California. The school's team currently competes in the Big West Conference. The team began playing at the Division 1 level in 1994. The Mustangs are coached by Joe Callero and play their home games at Mott Athletic Center.",Cal Poly Mustangs men's basketball,http://en.wikipedia.org/wiki/Cal_Poly_Mustangs_men's_basketball,,
672891928,false,finalized,5,2/11/2015 15:41:16,other,0.8077,"building
mosquee
place
mosque",activity,lymph,game,sport,agent,organisation,person,deity,family,anatomical structure,,,"The Sunehri Masjid (_ª_ö_ª_ ªÄ___, lit. Golden Mosque) is a mosque in Old Delhi.It is located near the Gurudwara Sis Ganj Sahib in Chandni Chowk, once an imperial boulevard leading to the Red Fort.",Sunehri Masjid (Chandni Chowk),http://en.wikipedia.org/wiki/Sunehri_Masjid_(Chandni_Chowk),,
672891929,false,finalized,5,2/11/2015 16:08:31,event,0.6091,"",societal event,disney character,event,natural event,life cycle event,family,Noble family,fictional character,comics character,soap character,,,The Worli Riots refers to the violence that broke between the members of Dalit Panther and Shiv Sena. This resulted in the death of a Dalit Panther leader Bhagwat Jadhav when a grinding stone was thrown at a Morcha by Dalit Panthers on January 1974 in Mumbai.,The Worli Riots,http://en.wikipedia.org/wiki/The_Worli_Riots,,
672891930,false,finalized,5,2/11/2015 16:08:12,place,1.0,"",political function,natural place,profession,place,garden,ski area,architectural structure,historic place,monument,mountain,,,Maniyawan is a place in the Jehanabad district in Bihar state of India. It is situated at a distance of approximately 7 kilometers from Jehanabad.Notable people from Maniyawan include Arun Kumar.,Maniyawan,http://en.wikipedia.org/wiki/Maniyawan,,
672891931,false,finalized,5,2/11/2015 15:42:45,place,1.0,"",space shuttle,place,space station,spacecraft,name,given name,surname,person function,political function,profession,,,"Sindarli is a village in the Pali district in the Indias state of Rajasthan.Location - It is about 10 km from the town of Sadri, 16 km from Nadol, 23 km from the tehsil office in Desuri and 70 km from the district capital.",Sindarli,http://en.wikipedia.org/wiki/Sindarli,,
672891932,false,finalized,5,2/11/2015 16:10:43,place,1.0,"",space shuttle,place,space station,spacecraft,name,given name,surname,person function,political function,profession,,,"The Hayat Baksh Bagh, which means ""Life-bestowing garden"", is the largest of the gardens in the Red Fort in Delhi.",Hayat Bakhsh Bagh (Red Fort),http://en.wikipedia.org/wiki/Hayat_Bakhsh_Bagh_(Red_Fort),,
672891933,false,finalized,5,2/11/2015 15:46:34,place,1.0,"",person function,mountain,political function,profession,place,garden,ski area,architectural structure,historic place,monument,,,"Unal a village in Boudha district, Odisha, a state in India.","Unal, India","http://en.wikipedia.org/wiki/Unal,_India",,
672891934,false,finalized,5,2/11/2015 15:47:30,organisation,0.8276,"",activity,lymph,game,sport,agent,organisation,person,deity,family,anatomical structure,,,"Public Cause Research Foundation (PCRF) was a Delhi, India-based non-governmental organisation (NGO) that campaigned for just, transparent, accountable and participatory governance.",Public Cause Research Foundation,http://en.wikipedia.org/wiki/Public_Cause_Research_Foundation,,
672891935,false,finalized,5,2/11/2015 15:44:14,place,1.0,"",surname,monument,person function,political function,profession,place,garden,ski area,architectural structure,historic place,,,"Chipyana Buzurg is a village in the Indian state of Uttar Pradesh.It is located in the Bisrakh tehsil of Gautam Buddh Nagar district, which forms part of the Meerut division.The District headquarters at Noida is 28 kilometres (17 mi) to the north.",Chipyana Buzurg,http://en.wikipedia.org/wiki/Chipyana_Buzurg,,
672891936,false,finalized,5,2/11/2015 15:44:45,other,0.8272,"massacre
Historical event
history
Massacre",activity,lymph,game,sport,agent,organisation,person,deity,family,anatomical structure,,,"Kakopathar Killings or the Kakopathar Massacre took place in Assam during 2006 when the Indian army opened fire at peaceful protesters at Kakopathar in Assam, killing at least 10 people.They were protesting against the custodial-death of a villager who was arrested by the army.",Kakopathar Massacre,http://en.wikipedia.org/wiki/Kakopathar_Massacre,,
672891937,false,finalized,5,2/11/2015 15:44:09,person,1.0,"",person,brain,deity,family,anatomical structure,lymph,muscle,vein,artery,bone,,,"Sri Nrusimha Bharati VII was the 29th pontiff of the Sringeri Sarada Peetam for a short tenure of 3 years(1767Š—_770). He spent most of his time in Nasik, since Sringeri was affected by war disturbances at that time.His attained Maha samadhi in 1770 and his adhistanam is located in Panchavati area of Nasik. He appointed Sri Sacchidananda Bharati - III as the 30th pontiff of the peetam.",Nrusimha Bharati VII,http://en.wikipedia.org/wiki/Nrusimha_Bharati_VII,,
672891938,false,finalized,5,2/11/2015 15:47:30,automobile engine,0.4138,automobile,device,natural event,automobile engine,information appliance,weapon,camera,Instrument,Historical district,societal event,event,,,"A Locost is a home-built clone of the Lotus Seven. The car features a space frame chassis usually welded together from mild steel 1 in _ 1 in (25 mm _ 25 mm) square tubing. Front suspension is usually double wishbone with coil spring struts. The rear is traditionally live axle, but has many variants including independent rear suspension or De Dion tube. Body panels are usually fiberglass nose and wings and aluminium side panels.",Locost,http://en.wikipedia.org/wiki/Locost,,
672891939,false,finalized,5,2/11/2015 16:08:40,person,0.5765,"",person,brain,deity,family,anatomical structure,lymph,muscle,vein,artery,bone,,,"Romulus /_r€êmj€Èl€Ès/ and Remus /_rim€Ès/ are the twin brothers and central characters of Rome's foundation myth. Their mother is Rhea Silvia, daughter to Numitor, king of Alba Longa. Before their conception, Numitor's brother Amulius seizes power, kills Numitor's male heirs and forces Rhea Silvia to become a Vestal Virgin, sworn to chastity. Rhea Silvia conceives the twins by the god Mars, or by the demi-god Hercules; once the twins are born, Amulius has them abandoned to die in the river Tiber.",Romulus and Remus,http://en.wikipedia.org/wiki/Romulus_and_Remus,,
672891940,false,finalized,5,2/11/2015 16:25:09,societal event,0.4444,social equality,Historical district,soap character,societal event,event,natural event,life cycle event,family,Noble family,fictional character,comics character,,,"The Tiananmen Square protests of 1989, commonly known as the June Fourth Incident (______ __) or more accurately '89 Democracy Movement (_â___ç•_) in Chinese, were student-led popular demonstrations in Beijing which took place in the spring of 1989 and received broad support from city residents, exposing deep splits within China's political leadership. The protests were forcibly suppressed by hardline leaders who ordered the military to enforce martial law in the country's capital.",Tiananmen Square protests of 1989,http://en.wikipedia.org/wiki/Tiananmen_Square_protests_of_1989,,
672891941,false,finalized,5,2/11/2015 15:41:46,anatomical structure,0.4114,fan,activity,lymph,game,sport,agent,organisation,person,deity,family,anatomical structure,,,"In India and Pakistan, a punkhawallah or punkha wala (Hindustani: _éš_Èš_____ _µš______, pangkh_ v_l_) is a manual fan operator. A punkah is a type of ceiling fan used in the Indian subcontinent before the electric fan. The punkhawallah was the servant who worked it, often using a pulley system.",Punkawallah,http://en.wikipedia.org/wiki/Punkawallah,,
672891942,false,finalized,5,2/11/2015 15:41:46,other,0.5681,"Clothing
clothing
clothing",agent,artery,organisation,person,deity,family,anatomical structure,lymph,muscle,vein,,,"Taranga is the typical headscarf worn by Kashmiri Pandit women in the earlier days and even up to almost late 1960s.Now, its only place is as a ritual and by tradition to be worn in the classical way on the bride's head as a bridal gear on her wedding day. This headwear has a very significant and historical importance and relevance, as it was an appreciation reward from his HOLIness Jagatguru ADI Sankaracharya during his stay in Kashmir.",Taranga (clothing),http://en.wikipedia.org/wiki/Taranga_(clothing),,
672891943,false,finalized,5,2/11/2015 16:08:40,other,0.7882,"sports
organisation
sport
Activity",rocket,political function,ship,space shuttle,space station,spacecraft,name,given name,surname,person function,,,"The Allegheny Mountain Collegiate Conference (AMCC) is an intercollegiate athletic conference affiliated with the NCAA's Division III. Member institutions are located in the northeastern United States in the States of New York, Ohio, and Pennsylvania.",Allegheny Mountain Collegiate Conference,http://en.wikipedia.org/wiki/Allegheny_Mountain_Collegiate_Conference,,
672891944,false,finalized,5,2/11/2015 15:40:43,other,0.5758,"road
Roads/Crossroads
crossway",game,muscle,sport,agent,organisation,person,deity,family,anatomical structure,lymph,,,"Ashram Chowk is a crossways located on the southeastern corner of the Delhi Ring Road. It is at the intersection of the Ring Road and Mathura Road from the ITO crossing, the Supreme Court, Pragati Maidan, Purana Quila, Nizamuddin Dargah and the Haryana border at Faridabad.",Ashram Chowk,http://en.wikipedia.org/wiki/Ashram_Chowk,,
672891945,false,finalized,5,2/11/2015 15:40:49,person function,0.6091,person,surname,monument,person function,political function,profession,place,garden,ski area,architectural structure,historic place,,,"George Marshall was Principal of Trevelyan College, University of Durham from 1995 to 1996, having been Acting-Principal from 1993.",George Marshall (academic),http://en.wikipedia.org/wiki/George_Marshall_(academic),,
672891946,false,finalized,5,2/11/2015 15:40:05,other,1.0,"agency
agency
agency
company
Company",person,brain,deity,family,anatomical structure,lymph,muscle,vein,artery,bone,,,"iXL Enterprises is a failed international interactive agency that lasted from 1996 until 2002. The company was founded by Atlanta entrepreneur Bert Ellis, who also served as the company's chairman and CEO. At the company's height in 1999, which coincided with the height of the dot-com boom, iXL had around 1500 employees, a quarterly revenue of $33 million, and was publicly traded on the Nasdaq exchange, with ticker symbol ""IIXL"".",IXL (interactive agency),http://en.wikipedia.org/wiki/IXL_(interactive_agency),,
672891947,false,finalized,5,2/11/2015 15:40:43,organisation,1.0,"",agent,artery,organisation,person,deity,family,anatomical structure,lymph,muscle,vein,,,"The Rembrandt Group is a South African tobacco and industrial conglomerate founded by Afrikaner tycoon Dr Anton Rupert who oversaw its eventual transition to the industrial and luxury branded goods sectors. Rembrandt was split into Remgro (an investment company with financial, mining and industrial interests) and Richemont (a Swiss-based luxury goods group).Dr Rupert originally established the tobacco company ""Voorbrand"" in the 1940s.",Rembrandt Group,http://en.wikipedia.org/wiki/Rembrandt_Group,,
672891948,false,finalized,5,2/11/2015 15:42:16,organisation,0.6532,sidecar,organisation,bone,person,deity,family,anatomical structure,lymph,muscle,vein,artery,,,"Squire (founded 1973 in Bidford-on-Avon) is a British manufacturer of motorcycle sidecars that pioneered the design of the modern motorcycle trailer for being pulled behind a bike in the early 1980s. In 1988 Squire merged with the struggling Watsonian company to form Watsonian-Squire, now the UK's largest sidecar producer.",Squire sidecars,http://en.wikipedia.org/wiki/Squire_sidecars,,
672891949,false,finalized,5,2/11/2015 15:40:05,sport,1.0,"",activity,lymph,game,sport,agent,organisation,person,deity,family,anatomical structure,,,"The Staffordshire County Senior League is a football competition based in Staffordshire, England. It was formed in 2005 as a merger of the Midland League (formerly known as the Staffordshire Senior League) and the Staffordshire County League.The former Midland League clubs formed the new Premier Division, which is a feeder to the North West Counties Football League and sits at step 7 (or level 11) of the National League System.",Staffordshire County Senior League,http://en.wikipedia.org/wiki/Staffordshire_County_Senior_League,,
672891950,false,finalized,5,2/11/2015 15:41:16,person,0.6346,"",activity,lymph,game,sport,agent,organisation,person,deity,family,anatomical structure,,,"The Surveyor General of India is the Head of Department of Survey of India, a Department under the Ministry of Science and Technology of Government of India. He also happens to be the senior most member of the Survey of India Service, an organized engineering service under the Union of India.The current Surveyor General is Swarna Subba Rao.",Surveyor General of India,http://en.wikipedia.org/wiki/Surveyor_General_of_India,,
672891951,false,finalized,5,2/11/2015 15:35:05,artwork,0.7955,"",project,software,case,work,artwork,cartoon,movie,musical,musical work,radio program,,,Banjara Needle Crafts are traditional handmade fabrics made by Banjaras in India. They are made in tribals Lambada habitation known as Thanda.,Banjara Needle Crafts,http://en.wikipedia.org/wiki/Banjara_Needle_Crafts,,
672891952,false,finalized,5,2/11/2015 16:08:40,person,0.6,"",activity,lymph,game,sport,agent,organisation,person,deity,family,anatomical structure,,,"Habugra is a term for ""King"" in Kokborok language of Tripura.There were at least 144 kings that ruled Tripura before merging with the Indian Union on 15 November 1950. The last and most illustrious Habugra of all was Habugra Bir Bikram Manikya Debbarma. The college of Maharaja Bir Bikram College was established in his memory in 1947 in the state capital Agartala.",Habugra,http://en.wikipedia.org/wiki/Habugra,,
672891953,false,finalized,5,2/11/2015 15:41:18,garden,1.0,"",person function,mountain,political function,profession,place,garden,ski area,architectural structure,historic place,monument,,,"A botanical garden is a place where plants, especially ferns, conifers and flowering plants, are grown and displayed for the purposes of research and education. This distinguishes them from parks and pleasure gardens where plants, usually with beautiful flowers, are grown for public amenity Botanical gardens that specialize in trees are sometimes referred to as arboretums. They are occasionally associated with zoos.",List of botanical gardens in India,http://en.wikipedia.org/wiki/List_of_botanical_gardens_in_India,,
672891954,false,finalized,5,2/11/2015 15:39:55,family,0.7907,"",sport,vein,agent,organisation,person,deity,family,anatomical structure,lymph,muscle,,,"Tharoor is the family name of a prominent Nair Tharavadu of Kerala, India. The name dates to antiquity, and historians record that the kingdom in and around the modern-day district of Palakkad was called Tharoor Swarupam in the 14th and 15th centuries. The family appears to have lost kingly authority thereafter, before the attacks in the area by Tipu Sultan of Mysore, and well before the absorption of the territory by the British into the Madras Presidency in the early 19th century.",Tharoor,http://en.wikipedia.org/wiki/Tharoor,,
672891955,false,finalized,5,2/11/2015 15:44:27,sports season,1.0,"",public service,sports season,public service input,public service output,Satellite,ArtificialSatellite,species,archaea,bacteria,eukaryote,,,"The 2007Š—_8 season was French football club Paris Saint-Germain's 35th professional season, their 35th season in Ligue 1 and their 34th consecutive season in French top-flight. PSG was managed by Paul Le Guen - in his first full season since replacing Guy Lacombe. The club was chaired by Alain Cayzac until Simon Tahar took over. Paris Saint-Germain was present in the 2007Š—_8 Ligue 1, the 2007Š—_8 Coupe de France and the 2007Š—_8 Coupe de la Ligue.",2007Š—_8 Paris Saint-Germain F.C. season,http://en.wikipedia.org/wiki/2007Š—_8_Paris_Saint-Germain_F.C._season,,
672891956,false,finalized,5,2/11/2015 15:44:27,societal event,0.4522,History/war,weapon,Noble family,camera,Instrument,Historical district,societal event,event,natural event,life cycle event,family,,,2001 Kishtwar massacre was the killing of 17 Hindu villagers in village Ladder near Kishtwar in Doda District of Jammu and Kashmir by alleged militants of Lashkar-e-Taiba on 3 August 2001 .,2001 Kishtwar massacre,http://en.wikipedia.org/wiki/2001_Kishtwar_massacre,,
672891957,false,finalized,5,2/11/2015 15:46:34,sports season,0.5556,"sports league
There is no article",public service input,motorsport season,public service output,Satellite,ArtificialSatellite,species,archaea,bacteria,eukaryote,sports season,,,The 1995Š—_6 Southern Football League season saw the Max Griggs-funded Rushden & Diamonds win the Premier Division to earn promotion to the Football Conference.,1995Š—_6 Southern Football League,http://en.wikipedia.org/wiki/1995Š—_6_Southern_Football_League,,
672891958,false,finalized,5,2/11/2015 15:44:36,sport,0.6157,"",activity,lymph,game,sport,agent,organisation,person,deity,family,anatomical structure,,,"The Florida Gators women's volleyball team represents the University of Florida in the sport of volleyball. The Gators compete in Division I of the National Collegiate Athletics Association (NCAA) and the Southeastern Conference (SEC). The Gators play their home matches in the O'Connell Center on the university's Gainesville, Florida campus, and are currently led by head coach Mary Wise.",Florida Gators women's volleyball,http://en.wikipedia.org/wiki/Florida_Gators_women's_volleyball,,
672891959,false,finalized,5,2/11/2015 16:08:31,place,0.3959,"",given name,historic place,surname,person function,political function,profession,place,garden,ski area,architectural structure,,,"The Marble Palace (Kolkata), located at 46,Muktaram Babu Street, Kolkata 700007, is a palatial mansion located in North Kolkata, India, which was built by Raja Rajendra Mullick in 1835 and contains many beautiful Western sculptures, pieces of Victorian furniture, and paintings by European and Indian artists. Large chandeliers, clocks, and busts of kings and queens decorate the hallways of the palace.",Marble Palace Zoo,http://en.wikipedia.org/wiki/Marble_Palace_Zoo,,
672891960,false,finalized,5,2/11/2015 15:33:50,place,0.7907,"",space station,garden,spacecraft,name,given name,surname,person function,political function,profession,place,,,"A Revenue Village is a small administrative region in India, a village with defined borders. One revenue village may contain many hamlets.The Village Administrative Officer (VAO) is the head officer of the Revenue Village",Revenue Village,http://en.wikipedia.org/wiki/Revenue_Village,,
672891961,false,finalized,5,2/11/2015 15:35:05,organisation,1.0,"",activity,lymph,game,sport,agent,organisation,person,deity,family,anatomical structure,,,The Embassy of the Republic of India in Moscow is the diplomatic mission of India in the Russian Federation. It is located at 6 Vorontsovo Pole (Russian: ___‹—____‹æ______ ______ 6) in the Tagansky District of Moscow.The Embassy of India School Moscow is affiliated with the embassy.,Embassy of India in Moscow,http://en.wikipedia.org/wiki/Embassy_of_India_in_Moscow,,
672891962,false,finalized,5,2/11/2015 15:33:50,automobile engine,0.814,CAR,mineral,Historical district,chemical element,contest,device,automobile engine,information appliance,weapon,camera,Instrument,,,"The Ford D-Series was a range of middle weight trucks introduced by Ford of Britain in 1965. It replaced the Thames Trader and appears to have been envisaged as a more modern competitor to the Bedford TK produced by General Motors' UK truck subsidiary. In 1965 the range covered rigid trucks with gross weights from 5.2 to 12.75 British tons, and tippers from 10.8 to 12.75 tons.",Ford D-series,http://en.wikipedia.org/wiki/Ford_D-series,,
672891963,false,finalized,5,2/11/2015 15:39:55,family,0.4121,dynasty,sport,vein,agent,organisation,person,deity,family,anatomical structure,lymph,muscle,,,"Sayfawa dynasty or more properly Sefuwa dynasty is the name of the kings (or mai, as they called themselves) of the Kanem-Bornu Empire, centered first in Kanem in western Chad, and then, after 1380, in Borno (today north-eastern Nigeria).The dynasty was rooted in the Tubu expansion by the Kanembu. The first ten kings present in the list in the Girgam are difficult to date and to identify. The dynasty, one of Africa's longest living, lost the throne in 1846.",Sayfawa dynasty,http://en.wikipedia.org/wiki/Sayfawa_dynasty,,
672891964,false,finalized,5,2/11/2015 15:38:53,person,1.0,"",person,brain,deity,family,anatomical structure,lymph,muscle,vein,artery,bone,,,"Spalirises (50Š—_7 BCE) was an Indo-Scythian ""Great king"" of the 1st century BCE. He was the brother of Vonones (some of his coins explain he was ""Brother of the king""), and probably identical with Spalahores.The territories of Spalarises were apparently absorbed by Azes I, his successor, who appears on the reverse on some of his coins.",Spalirises,http://en.wikipedia.org/wiki/Spalirises,,
672891965,false,finalized,5,2/11/2015 15:44:45,organisation,0.8272,sport,agent,artery,organisation,person,deity,family,anatomical structure,lymph,muscle,vein,,,"The Clwyd Football League (currently the The Mackenzie Jones Clwyd Football League) is a football league equivalent to the fifth level of the Welsh football league system in North Wales.The league hosts several cup competitions: The President's Cup, The Premier Cup, The Halkyn Cup and the REM Jones Cup. Members compete in the FAW Trophy, Barritt Cup and Welsh Cup competitions as well.",Clwyd League,http://en.wikipedia.org/wiki/Clwyd_League,,
672891966,false,finalized,5,2/11/2015 15:44:03,sport,1.0,"",activity,lymph,game,sport,agent,organisation,person,deity,family,anatomical structure,,,The Copa do Brasil de Futebol Feminino (English: Brazilian Women's Football Cup) is a Brazilian women's football (soccer) competition organized by the Brazilian Football Confederation with the help of the Brazilian Ministry of Sports. It is designed as an equivalent to the men's Copa do Brasil. The first edition was played in 2007.,Copa do Brasil de Futebol Feminino,http://en.wikipedia.org/wiki/Copa_do_Brasil_de_Futebol_Feminino,,
672891967,false,finalized,5,2/11/2015 15:44:14,organisation,1.0,"",activity,lymph,game,sport,agent,organisation,person,deity,family,anatomical structure,,,"The Indian Political Department (IPD) originated in a resolution passed on September 13, 1783 by the Board of Directors of the East India Company; this decreedthe creation of a department which could help Š—_elieve the pressureŠ— on the administration of Warren Hastings in conducting its ""secret and political business"".In 1843, Governor-General Ellenborough reformed the administration,organizing Secretariat of the Government into four departments Š—_Foreign, Home, Finance and Military.",Indian Political Department,http://en.wikipedia.org/wiki/Indian_Political_Department,,
672891968,false,finalized,5,2/11/2015 16:08:40,organisation,0.7882,myth,activity,lymph,game,sport,agent,organisation,person,deity,family,anatomical structure,,,"Real Estate Bank India is India's largest real estate services company. It was founded in 2006 by Lakshmi Narayanan and is headquartered in Bangalore, India. The company plans to invest Rs 250 million next year and expand in India and abroad with presence in countries like Sri Lanka, US, UAE, Singapore, Malaysia and Australia.",Real Estate Bank India,http://en.wikipedia.org/wiki/Real_Estate_Bank_India,,
672891969,false,finalized,5,2/11/2015 16:25:09,organisation,0.4444,"Rulers
history",activity,lymph,game,sport,agent,organisation,person,deity,family,anatomical structure,,,"Sansanwal is a gotra of Jats found in Rajasthan and Haryana in India. Template:Sansanwal were first live in bharatpur in rajasthanThe Sansanwal's original name was SinsiniwalJai Singh Sansanwal and Raja Surajmal Sinsiniwal were the main peoples of Sansanwal's caste;;Sansanwal or Sinsinwar are the same and gotra of Jats found in Rajasthan, Delhi, Harayan and Uttar Pradesh in India. Sinsinwars were the rulers of princely state Bharatpur.",Sansanwal,http://en.wikipedia.org/wiki/Sansanwal,,
672891970,false,finalized,5,2/11/2015 15:40:43,artwork,0.7879,"",artwork,website,cartoon,movie,musical,musical work,radio program,software,television episode,television show,,,"Warli painting is a tribal art mostly done by Adivasi from North Sahyadri Range in India (Dahanu, Talasari, Jawhar, Palghar, Mokhada, and Vikramgadh).",Warli painting,http://en.wikipedia.org/wiki/Warli_painting,,
672891971,false,finalized,5,2/11/2015 16:08:31,place,0.8173,"",name,architectural structure,given name,surname,person function,political function,profession,place,garden,ski area,,,"Website - www.ymcacamplakeside.orgYMCA Camp Lakeside is located at Village Nilshi, in the Western Ghats (mountains) between Mumbai and Pune, India.Camp Lakeside is a 40 acre campsite surrounded by the beautiful Andhra Lake.","YMCA International Camp, Nilshi, India","http://en.wikipedia.org/wiki/YMCA_International_Camp,_Nilshi,_India",,
672891972,false,finalized,5,2/11/2015 15:39:03,sports season,1.0,"",public service,sports season,public service input,public service output,Satellite,ArtificialSatellite,species,archaea,bacteria,eukaryote,,,The 1990Š—_1 season was the 111th season of competitive football in England.,1990Š—_1 in English football,http://en.wikipedia.org/wiki/1990Š—_1_in_English_football,,
672891973,false,finalized,5,2/11/2015 15:44:03,organisation,0.7603,Medical school,activity,lymph,game,sport,agent,organisation,person,deity,family,anatomical structure,,,"Dr. Somervell Memorial CSI Medical College (SMC, Dr SM CSI MCH, SMCSI) established in 2002, attached to the Dr. Somervell Memorial Mission Hospital is at Karakonam, a village, in the southern border of the Thiruvananthapuram District of the State of Kerala.",Dr. Somervell Memorial CSI Medical College,http://en.wikipedia.org/wiki/Dr._Somervell_Memorial_CSI_Medical_College,,
672891974,false,finalized,5,2/11/2015 15:33:50,sports team season,0.6047,"",Satellite,Swarm,ArtificialSatellite,species,archaea,bacteria,eukaryote,sports season,motorsport season,sports team season,,,Japanese football in 2009,2009 in Japanese football,http://en.wikipedia.org/wiki/2009_in_Japanese_football,,
672891975,false,finalized,5,2/11/2015 15:44:27,other,1.0,"surname
Family
persons/names
asian surname
surname",profession,park,place,garden,ski area,architectural structure,historic place,monument,mountain,natural place,,,"Ningombam is a surname which is used by a large number of Meitei. It is a clan belonging to the Angom dynasty, one of the seven kingdoms in the present state of Manipur. It is considered to be the oldest clan in Manipur and the kings of Angom had tremendous powers over the other kings in the ancient history of Manipur.",Ningombam,http://en.wikipedia.org/wiki/Ningombam,,
672891976,false,finalized,5,2/11/2015 16:08:31,sports season,1.0,"",public service,sports season,public service input,public service output,Satellite,ArtificialSatellite,species,archaea,bacteria,eukaryote,,,"The 2012Š—_3 Segunda Divisi_n B season was the 36th since its establishment. The first matches of the season were played on 26 August 2012, and the league phase ended on 19 May 2013. The entire season ended on 30 June 2013 with the promotion play-off finals.",2012Š—_3 Segunda Divisi_n B,http://en.wikipedia.org/wiki/2012Š—_3_Segunda_Divisi_n_B,,
672891977,false,finalized,5,2/11/2015 15:41:16,other,0.5769,"location
place
facility",activity,lymph,game,sport,agent,organisation,person,deity,family,anatomical structure,,,"The Windsor Salt Mine currently operates two locations in Windsor, Ontario, Canada. The first is at 200 Morton Drive in Windsor, established in 1955, and is owned by The Canadian Salt Company, Limited. The facility has 250 employees, earns roughly $75Š—_9 million a year, producing road and mining salt. The second location is the Windsor Facility of the Canadian Salt Company, located at 30 Prospect Ave. in Windsor. This facility employs 110 and estimates their sales at $25Š—_0 million a year.",Windsor Salt Mine,http://en.wikipedia.org/wiki/Windsor_Salt_Mine,,
672891978,false,finalized,5,2/11/2015 15:47:30,other,0.5862,"Training Programme
educational programme
Mathematics",Instrument,comics character,Historical district,societal event,event,natural event,life cycle event,family,Noble family,fictional character,,,"The Mathematics Training and Talent Search Programme or MTTS is a summer training programme in India for mathematics, started at the B.Sc. (undergraduate) level, aimed to expose bright young minds to mathematics and equip them better for Ph.D. studies. It is funded by the National Board for Higher Mathematics, India. The organizer is Professor S. Kumaresan.",MTTS,http://en.wikipedia.org/wiki/MTTS,,
672891979,false,finalized,5,2/11/2015 15:42:16,other,0.7977,"workstation
workstation
software
A noun",activity,lymph,game,sport,agent,organisation,person,deity,family,anatomical structure,,,"The Ultra 1 is a family of Sun Microsystems workstations based on the 64-bit UltraSPARC microprocessor. It was the first model in the Sun Ultra series of Sun computers, which succeeded the SPARCstation series. It launched in 1995 and shipped with Solaris 2.5. It is capable of running other operating systems such as Linux and BSD.The Ultra 1 was available in a variety of different specifications.",Ultra 1,http://en.wikipedia.org/wiki/Ultra_1,,
672891980,false,finalized,5,2/11/2015 15:43:31,game,0.8502,"",activity,lymph,game,sport,agent,organisation,person,deity,family,anatomical structure,,,"Bambaram (in Karnataka/Tamil)/Lattu ªÜª_ª_ (in Urdu) or spinning tops are used to play games in India and Pakistan. Skill and interest in this game is reducing due to other interests taking priority and also due to unsafe nails along with bullying of younger, smaller, poorer kids. This game is more popular among boys and is coming back with safer components and rules.",Gaming top,http://en.wikipedia.org/wiki/Gaming_top,,
672891981,false,finalized,5,2/11/2015 15:35:05,sport,1.0,"",activity,lymph,game,sport,agent,organisation,person,deity,family,anatomical structure,,,"The Lincolnshire Football League, is a football competition in England that is composed of a single division of 13 clubs. Since season 2007Š—_8 Sills & Betteridge Solicitors have agreed to sponsor the league. Teams stretch across the county from Grimsby to Grantham.The League currently run a Representative side that compete in the FA Inter League Cup. In their first venture into the competition they reached the Quarter Finals where they lost to the Cheshire League.",Lincolnshire Football League,http://en.wikipedia.org/wiki/Lincolnshire_Football_League,,
672891982,false,finalized,5,2/11/2015 15:42:16,sport,0.7572,"",activity,lymph,game,sport,agent,organisation,person,deity,family,anatomical structure,,,"The University of Maryland women's basketball team is a prominent program in the history of women's basketball. As a member of the Atlantic Coast Conference, the Lady Terrapins are regular season and tournament champions. Since 2002, team has been led by head coach Brenda Frese. In 2006, with only four years under Frese, the Lady Terps won their first NCAA Championship in their fourth trip to the Final Four - their first Final Four appearance since 1989.",Maryland Terrapins women's basketball,http://en.wikipedia.org/wiki/Maryland_Terrapins_women's_basketball,,
672891983,false,finalized,5,2/11/2015 15:41:46,sport,1.0,"",activity,lymph,game,sport,agent,organisation,person,deity,family,anatomical structure,,,"The Third League of Montenegro (Montenegrin: Tre_a Crnogorska Liga / ___µ‹___‹æ‹—________‹—_______Ù____ is the third top football league in Montenegro. It is headed by the Football Association of Montenegro. 29 teams participate in this league, divided in three regions. Top team from each region qualifies for the playoff from which top 2 teams qualify for the Second League of Montenegro.",Montenegrin Third League,http://en.wikipedia.org/wiki/Montenegrin_Third_League,,
672891984,false,finalized,5,2/11/2015 15:44:03,other,0.5949,"education
school education system
School years",agent,artery,organisation,person,deity,family,anatomical structure,lymph,muscle,vein,,,"Plus Two refers to the segment of Indian and Nepali school education that is made of standards (grades) 11 and 12, known as higher secondary education. In most states in India, the Plus Two is part of high school; in a few, it is called Junior College and is part of college education. Plus Two education is provided by each state individually and Central Board of Secondary Education (CBSE).",Plus Two,http://en.wikipedia.org/wiki/Plus_Two,,
672891985,false,finalized,5,2/11/2015 15:44:09,other,0.4084,"Royal Navy command of the First World War
place",game,muscle,sport,agent,organisation,person,deity,family,anatomical structure,lymph,,,"The Dover Patrol was a Royal Navy command of the First World War, notable for its involvement in the Zeebrugge Raid on 22 April 1918. The Dover Patrol formed a discrete unit of the Royal Navy based at Dover and Dunkirk for the duration of the First World War.",Dover Patrol,http://en.wikipedia.org/wiki/Dover_Patrol,,
672891986,false,finalized,5,2/11/2015 16:08:12,organisation,0.8322,club,organisation,bone,person,deity,family,anatomical structure,lymph,muscle,vein,artery,,,"The Toronto Helios Society was a nudist/naturist club located at Sharon, north of Toronto, Ontario, Canada.In 1972 Eric and June Jarvis purchased a 20.25 hectare (50 acres) property. The land consisted of a road to a bridge over the river, and three cleared areas that were covered with ferns and brambles. The first year was spent dredging a lake fed by a creek and natural springs.",Toronto Helios Society,http://en.wikipedia.org/wiki/Toronto_Helios_Society,,
672891987,false,finalized,5,2/11/2015 15:44:45,societal event,0.6543,competition,automobile engine,life cycle event,information appliance,weapon,camera,Instrument,Historical district,societal event,event,natural event,,,"Femina Look of the Year was held for 5 years from 1994 to 1999 by Femina magazine to select an Indian contestant at the Elite Model Look contest. It was discontinued after 1999 for unknown reasons.Winners include Sheetal Mallar and Carol Gracias who are both noted Indian supermodels. The 1994 edition event had Madhu Sapre, 2nd Runner up Miss Universe and Miss India 1992 as contestant but even after her achievements in the earlier contests she didn't win and title was won by Sheetal Mallar.",Femina Look of the Year,http://en.wikipedia.org/wiki/Femina_Look_of_the_Year,,
672891988,false,finalized,5,2/11/2015 15:46:34,sports season,0.7778,There is no article,species,Open Swarm,archaea,bacteria,eukaryote,sports season,motorsport season,sports team season,Swarm,Globular Swarm,,,"This was the final season of the original two region 2.Bundesliga, as the DFB sought to integrate the North and South divisions into a single division for the next campaign. This meant 22 teams faced the drop to the Oberliga (12 from the North, 10 from the South). There were 3 promotion spots to the Bundesliga on offer, while the remaining teams would enter the new single league 2.Bundesliga in the next season.",1980Š—_1 2. Bundesliga,http://en.wikipedia.org/wiki/1980Š—_1_2._Bundesliga,,
672891989,false,finalized,5,2/11/2015 15:44:36,organisation,1.0,"",organisation,bone,person,deity,family,anatomical structure,lymph,muscle,vein,artery,,,India Partners is a U.S. non-governmental organization that partners with indegenious managed charities in India on projects to help the poor.,India Partners,http://en.wikipedia.org/wiki/India_Partners,,
672891990,false,finalized,5,2/11/2015 15:38:53,sport,0.7857,"",activity,lymph,game,sport,agent,organisation,person,deity,family,anatomical structure,,,"The Dominican Republic national basketball team is the men's basketball team that represents the Dominican Republic in international competition. In 2011 and 2012, John Calipari, the head coach of the University of Kentucky men's basketball team served as the head coach of the team. The team placed third in the 2011 FIBA Americas Championship and fourth in the 2012 FIBA World Olympic Qualifying Tournament, one position shy of qualifying for the 2012 Olympics.",Dominican Republic national basketball team,http://en.wikipedia.org/wiki/Dominican_Republic_national_basketball_team,,
672891991,false,finalized,5,2/11/2015 15:40:05,other,0.5492,"Accord
history
Law",activity,lymph,game,sport,agent,organisation,person,deity,family,anatomical structure,,,"Punjab accord, also known as the Rajiv-Longowal Accord, is an accord signed by Rajiv Gandhi and Harcharan Singh Longowal on 24 July 1985. The government accepted the demands of Akali Dal who in turn agreed to withdraw their agitation.The accord attracted opposition from several orthodox Sikh leaders of Punjab as well as from the politicians of Haryana. Some of its promises could not be fulfilled due to the disagreements.",Punjab accord,http://en.wikipedia.org/wiki/Punjab_accord,,
672891992,false,finalized,5,2/11/2015 15:44:03,sport,0.5949,"",activity,lymph,game,sport,agent,organisation,person,deity,family,anatomical structure,,,"In this article, the results of Al-Nassr FC of Saudi Arabia in 2007-2008 season is summarized",2007Š—_8 Al-Nassr season,http://en.wikipedia.org/wiki/2007Š—_8_Al-Nassr_season,,
672891993,false,finalized,5,2/11/2015 15:46:34,organisation,0.7778,sports team,organisation,bone,person,deity,family,anatomical structure,lymph,muscle,vein,artery,,,The Albany Great Danes men's lacrosse team represents the University at Albany in NCAA Division I men's college lacrosse. Albany currently competes in the America East Conference and plays its home games on John Fallon Field. The team reached the NCAA Men's Lacrosse Championship tournament in 2003Š—_005 and in 2007. The Great Danes are currently coached by Scott Marr.,Albany Great Danes men's lacrosse,http://en.wikipedia.org/wiki/Albany_Great_Danes_men's_lacrosse,,
672891994,false,finalized,5,2/11/2015 15:40:05,software,0.5742,"legal
Court Judgment",case,television episode,work,artwork,cartoon,movie,musical,musical work,radio program,software,,,"eLegalix is Allahabad High Court Judgment Information System developed by Computer Centre, High Court of Judicature at Allahabad, Uttar Pradesh, India. Judgments and Orders delivered at Allahabad High Court and its Bench at Lucknow can be searched and viewed using this web application.",ELegalix,http://en.wikipedia.org/wiki/ELegalix,,
672891995,false,finalized,5,2/11/2015 15:44:45,organisation,1.0,"",activity,lymph,game,sport,agent,organisation,person,deity,family,anatomical structure,,,"Loch Fyne Oysters is a company which has expanded from farming and selling oysters to providing a range of seafoods, fish, meat and game. It founded the Loch Fyne restaurant chain which is now owned by Greene King; it still owns the Loch Fyne brand and supplies its products to the restaurant chain. The company continues to run the Loch Fyne Oyster Bar on the banks of the loch near Cairndow",Loch Fyne Oysters,http://en.wikipedia.org/wiki/Loch_Fyne_Oysters,,
672891996,false,finalized,5,2/11/2015 15:44:36,organisation,1.0,"",organisation,bone,person,deity,family,anatomical structure,lymph,muscle,vein,artery,,,"The Sachsenliga, formerly referred to as Landesliga Sachsen, is the sixth tier of the German football league system and the highest league in the German state of Saxony, (German:Sachsen). Until the introduction of the 3. Liga in 2008 it was the fifth tier of the league system, until the introduction of the Regionalligas in 1994 the fourth tier.",Sachsenliga,http://en.wikipedia.org/wiki/Sachsenliga,,
672891997,false,finalized,5,2/11/2015 16:25:09,organisation,0.7778,training centre,game,muscle,sport,agent,organisation,person,deity,family,anatomical structure,lymph,,,"Zonal Training Centre, or ZTC as it is commonly known, is the training centre of Reserve Bank of India (RBI) for its officers and staff. RBI has four such training centres, the biggest and most prominent of them being at CBD Belapur. The other three are at New Delhi, Kolkata and Chennai. ZTC functions under the overall policy framework and administrative control of the Human Resources Management Department (HRMD) of RBI Central Office at Fort, Mumbai.",Zonal Training Centre,http://en.wikipedia.org/wiki/Zonal_Training_Centre,,
672891998,false,finalized,5,2/11/2015 15:42:45,other,0.8058,"computer
technology
computer
Computer",activity,lymph,game,sport,agent,organisation,person,deity,family,anatomical structure,,,"The Harwell computer, later known as the Wolverhampton Instrument for Teaching Computing from Harwell (WITCH), or the Harwell Dekatron Computer, was an early British relay-based computer. From 2009 to 2012, it was restored at the National Museum of Computing, where it is described as ""the oldest original functioning electronic stored program computer in the world"". The museum hopes to use the computer's visual, dekatron-based memory to teach schoolchildren about computers.",Harwell computer,http://en.wikipedia.org/wiki/Harwell_computer,,
672891999,false,finalized,5,2/11/2015 15:38:53,other,0.5952,"animal
Guide
A noun",activity,lymph,game,sport,agent,organisation,person,deity,family,anatomical structure,,,This is a list of the state animals of all the states and union territories of India.The animals in India are endangered and some of them work.,List of Indian state animals,http://en.wikipedia.org/wiki/List_of_Indian_state_animals,,
672892000,false,finalized,5,2/11/2015 15:37:10,other,0.7941,"plant
nature
list
flower",activity,lymph,game,sport,agent,organisation,person,deity,family,anatomical structure,,,This is a list of state flowers of the states and union territories of India:,List of Indian state flowers,http://en.wikipedia.org/wiki/List_of_Indian_state_flowers,,
672892001,false,finalized,5,2/11/2015 15:41:16,other,0.8077,"tree
list of tree
nature
List",activity,lymph,game,sport,agent,organisation,person,deity,family,anatomical structure,,,This is a list of Indian state (and union territory) trees:,List of Indian state trees,http://en.wikipedia.org/wiki/List_of_Indian_state_trees,,
672892002,false,finalized,5,2/11/2015 15:35:05,sport,1.0,"",activity,lymph,game,sport,agent,organisation,person,deity,family,anatomical structure,,,This article details the fixtures and results of the UAE national football team in 2010.,2010 UAE national football team results,http://en.wikipedia.org/wiki/2010_UAE_national_football_team_results,,
672892003,false,finalized,5,2/11/2015 16:08:12,organisation,1.0,"",activity,lymph,game,sport,agent,organisation,person,deity,family,anatomical structure,,,"Mumbai traffic police is the organisation entrusted with the task of managing vehicular traffic in Mumbai, India.",Mumbai Traffic Police,http://en.wikipedia.org/wiki/Mumbai_Traffic_Police,,
672892004,false,finalized,5,2/11/2015 15:42:16,other,0.5549,"iconometry
iconometry
iconometry",natural place,cemetery,park,populated place,protected area,Site of Special Scientific Interest,sport facility,wine region,World Heritage Site,abbey,,,"Talamana (Sanskrit: t_la m_na) is a traditional system of Indian iconometry based on the Shilpa Shastras, which uses certain measurements and proportions in creating temple icons and images.",Talamana,http://en.wikipedia.org/wiki/Talamana,,
672892005,false,finalized,5,2/11/2015 15:44:04,natural place,1.0,"",place,populated place,garden,ski area,architectural structure,historic place,monument,mountain,natural place,park,,,"Kailasakona - water falls - 80 km(Picnic spot.) Kailasakona is a beautiful perennial waterfall, situated in the Nagari valley of Chittoor District. This sacred waterfall is rich in minerals and possesses medicinal powers. A small temple of Shiva and Parvati is seen nearby. The waterfalls can be accessed easily from Tirupati.Photo Linkshttp://www.panoramio.com/photo/6348432",Kailasakona Falls,http://en.wikipedia.org/wiki/Kailasakona_Falls,,
672892006,false,finalized,5,2/11/2015 15:39:55,other,0.614,"sport
football league
League",agent,artery,organisation,person,deity,family,anatomical structure,lymph,muscle,vein,,,"The Landesliga Braunschweig, called the Bezirksoberliga Braunschweig until 2010, is the sixth tier of the German football league system and the second highest league in the German state of Lower Saxony (German:Niedersachsen). It covers the region of the now defunct Regierungsbezirk Braunschweig.",Landesliga Braunschweig,http://en.wikipedia.org/wiki/Landesliga_Braunschweig,,
672892007,false,finalized,5,2/11/2015 15:39:03,sport,1.0,"",activity,lymph,game,sport,agent,organisation,person,deity,family,anatomical structure,,,This article details the fixtures and results of the Uzbekistan national football team in 2010.,2010 Uzbekistan national football team results,http://en.wikipedia.org/wiki/2010_Uzbekistan_national_football_team_results,,
672892008,false,finalized,5,2/11/2015 15:47:30,sports season,1.0,"",archaea,time period,bacteria,eukaryote,sports season,motorsport season,sports team season,Swarm,Globular Swarm,Open Swarm,,,The 2010 Season was the 98th season of competitive soccer in the United States.,2010 in American soccer,http://en.wikipedia.org/wiki/2010_in_American_soccer,,
672892009,false,finalized,5,2/11/2015 15:44:36,organisation,0.3789,history,activity,lymph,game,sport,agent,organisation,person,deity,family,anatomical structure,,,"The following is a complete list of rulers of the Mbunda Kingdom, established at the confluence of Kwilu and Kasai rivers in the now Democratic Republic of the Congo in the fifteenth century. In the early 17th century, it was re-established in Mbundaland, a state southeast of the present day Angola covering Moxico and Cuando Cubango Provinces.",Rulers of Mbundaland,http://en.wikipedia.org/wiki/Rulers_of_Mbundaland,,
672892010,false,finalized,5,2/11/2015 15:37:10,place,0.5882,language,profession,park,place,garden,ski area,architectural structure,historic place,monument,mountain,natural place,,,"Shaniwar Peth is a general term, in the Marathi language, for a locality in the Indian cities. These include cities like Pune, Solapur, Madhavnagar, Karad, Ahmednagar etc. The term Shaniwar has derived from the day Saturday in Marathi.",Shaniwar Peth,http://en.wikipedia.org/wiki/Shaniwar_Peth,,
672892011,false,finalized,5,2/11/2015 15:41:18,person,1.0,"",game,muscle,sport,agent,organisation,person,deity,family,anatomical structure,lymph,,,"Jeroboam II (Hebrew: _____ _____or _ÈƒÙ_åƒÙ_•ƒ_¢ƒÙ_Š—_; Greek: Ô__Ô__Ô___; Latin: Jeroboam) was the son and successor of Jehoash, (alternatively spelled Joash), and the fourteenth king of the ancient Kingdom of Israel, over which he ruled for forty-one years. His reign was contemporary with those of Amaziah (2 Kings 14:23) and Uzziah (15:1), kings of Judah.",Jeroboam II,http://en.wikipedia.org/wiki/Jeroboam_II,,
672892012,false,finalized,5,2/11/2015 15:40:49,other,1.0,"organisation
military
profesion
Army
military",place,populated place,garden,ski area,architectural structure,historic place,monument,mountain,natural place,park,,,"The Military of Guatemala consists of National Army of Guatemala (Ejercito Nacional de Guatemala, ENG), the Guatemalan Navy (Marina de la Defensa Nacional, includes Marines) and the Guatemalan Air Force (Fuerza Aerea Guatemalteca, FAG).",Military of Guatemala,http://en.wikipedia.org/wiki/Military_of_Guatemala,,
672892013,false,finalized,5,2/11/2015 15:43:31,other,0.5549,"church, religious institution
religion
deity, people",spacecraft,ski area,name,given name,surname,person function,political function,profession,place,garden,,,"Brethren in Christ Church Society is a Protestant denomination of India, founded by James Ard. It is focused on Bihar. It is limited to states in the East of India. The church has thousands of members. Several dozens of parishes are within the church. They are part of the Brethren in Christ Church, a Mennonite group.",Brethren in Christ Church Society,http://en.wikipedia.org/wiki/Brethren_in_Christ_Church_Society,,
672892014,false,finalized,5,2/11/2015 16:10:43,person,1.0,"",activity,lymph,game,sport,agent,organisation,person,deity,family,anatomical structure,,,"Tulga or Tulca (Gothic: Tulga; living 642) was Visigothic King of Hispania, Septimania and Galicia from 640 to 642, if his father died in December 640, as some sources state. Although some sources have his rule beginning as early as 639 or ending as early as 641. He came after his father Chintila in another vain attempt to establish dynastic kingship. In 642, Chindasuinth, a Gothic warlord, who may have been as old as 79, commenced a rebellion. He had command of the frontier with the Basques.",Tulga,http://en.wikipedia.org/wiki/Tulga,,
672892015,false,finalized,5,2/11/2015 16:08:12,sports season,1.0,"",eukaryote,year,sports season,motorsport season,sports team season,Swarm,Globular Swarm,Open Swarm,time period,year in spaceflight,,,The 1991Š—_2 season was the 112th season of competitive football in England.,1991Š—_2 in English football,http://en.wikipedia.org/wiki/1991Š—_2_in_English_football,,
672892016,false,finalized,5,2/11/2015 15:39:17,sports season,0.8069,"",Satellite,Swarm,ArtificialSatellite,species,archaea,bacteria,eukaryote,sports season,motorsport season,sports team season,,,The 1995Š—_6 season was the 116th season of competitive football in England.,1995Š—_6 in English football,http://en.wikipedia.org/wiki/1995Š—_6_in_English_football,,
672892017,false,finalized,5,2/11/2015 15:41:18,sports season,1.0,"",eukaryote,year,sports season,motorsport season,sports team season,Swarm,Globular Swarm,Open Swarm,time period,year in spaceflight,,,The 1997Š—_8 season was the 118th season of competitive football in England.,1997Š—_8 in English football,http://en.wikipedia.org/wiki/1997Š—_8_in_English_football,,
672892018,false,finalized,5,2/11/2015 15:44:04,organisation,0.5459,"community
ethnic group",activity,lymph,game,sport,agent,organisation,person,deity,family,anatomical structure,,,The Jannsari are a community found in Uttarakhand.,Jannsari,http://en.wikipedia.org/wiki/Jannsari,,
672892019,false,finalized,5,2/11/2015 16:10:43,activity,0.5625,"",activity,lymph,game,sport,agent,organisation,person,deity,family,anatomical structure,,,"Prathamastami is a rite is held in Odisha, India, for the life and prosperity of the eldest child who is offered a lighted lamp ovation by the senior female relatives followed by elaborate rituals during which the Mantras are recited.",Prathamastami,http://en.wikipedia.org/wiki/Prathamastami,,
672892020,false,finalized,5,2/11/2015 16:10:43,sport,0.821,"",game,muscle,sport,agent,organisation,person,deity,family,anatomical structure,lymph,,,Division 1 is the third level in the league system of Swedish Ladies football and comprises 2 sections with 12 football teams in each.From 1978 to 1987 when the Damallsvenskan was created in was the highest level of football in Sweden. Up until 2013 when the Elitettan was created it was the second highest level.,Swedish Ladies Football Division 1,http://en.wikipedia.org/wiki/Swedish_Ladies_Football_Division_1,,
672892021,false,finalized,5,2/11/2015 16:25:09,sports season,0.7778,sport achievements,public service,sports season,public service input,public service output,Satellite,ArtificialSatellite,species,archaea,bacteria,eukaryote,,,This is a complete list of appearances and goals in all competitions made by members of the professional playing squad of UE Lleida during the 2007-2008 season.,2007Š—_8 UE Lleida season,http://en.wikipedia.org/wiki/2007Š—_8_UE_Lleida_season,,
672892022,false,finalized,5,2/11/2015 15:44:27,sport,0.6137,"",activity,lymph,game,sport,agent,organisation,person,deity,family,anatomical structure,,,"The Florida Atlantic Owls are the college baseball team of Florida Atlantic University which plays its home games at FAU Baseball Stadium.Fielding its first team in 1981, the Florida Atlantic University baseball team has experienced frequent success, shared respect from other baseball teams nation-wide and the building of a mid-major power in NCAA baseball.As of the 2010 season, the Owls have had 12 consecutive winning seasons.",Florida Atlantic Owls baseball,http://en.wikipedia.org/wiki/Florida_Atlantic_Owls_baseball,,
672892023,false,finalized,5,2/11/2015 15:44:09,event,0.6283,"",camera,fictional character,Instrument,Historical district,societal event,event,natural event,life cycle event,family,Noble family,,,"The Sainbari incident occurred in 1970 in Sainbari in Bardhaman in West Bengal in India, where several people were hacked to death, allegedly by CPI(M) supporters, their blood smeared on the face of their mother.A newspaper report puts the date of the incident as 17 March 1970. The Sain brothers were members of a well-to-do family with strong allegiance towards the Indian National Congress.",Sainbari incident,http://en.wikipedia.org/wiki/Sainbari_incident,,
672892024,false,finalized,5,2/11/2015 15:43:31,monument,0.5892,"",profession,park,place,garden,ski area,architectural structure,historic place,monument,mountain,natural place,,,Tulasi chaura (Oriya: šŒ__šŒ_šŒÙ__šŒ_šŒ_šŒçš_) is a small podium like stone or cement construction in front of Hindu houses in the Indian state of Orissa containing Tulasi.,Tulsi chaura,http://en.wikipedia.org/wiki/Tulsi_chaura,,
672892025,false,finalized,5,2/11/2015 15:39:03,event,1.0,"",Historical district,soap character,societal event,event,natural event,life cycle event,family,Noble family,fictional character,comics character,,,"The 10th FINA World Swimming Championships (25m) was held in Dubai, United Arab Emirates from 15Š—_9 December 2010. This swimming-only championships took place in the Dubai Sports Complex; all events were swum in a 25-meter (short-course) pool.FINA announced on April 9, 2006 that Dubai had defeated the only other bidder Istanbul, Turkey, 11 votes to 10, after a meeting of the FINA Bureau in Shanghai, China.The USA topped the medal standings with a total of 25 medals.",2010 FINA World Swimming Championships (25 m),http://en.wikipedia.org/wiki/2010_FINA_World_Swimming_Championships_(25_m),,
672892026,false,finalized,5,2/11/2015 15:37:10,family,0.4118,"clan
ethnic community",activity,lymph,game,sport,agent,organisation,person,deity,family,anatomical structure,,,"The Bhagalia are a clan of the Bhil ethnic community and are found in the state of Rajasthan, India.",Bhagalia,http://en.wikipedia.org/wiki/Bhagalia,,
672892027,false,finalized,5,2/11/2015 15:42:45,activity,0.3741,religion,activity,lymph,game,sport,agent,organisation,person,deity,family,anatomical structure,,,"Rangfarah is the name chosen for a revivalist movement of Tangsa traditional spirituality. The intention is ""to give an alternative form of religious belief to those who were neither following the Christian beliefs nor were following the traditional ways"".",Rangfrah,http://en.wikipedia.org/wiki/Rangfrah,,
672892028,false,finalized,5,2/11/2015 15:39:17,event,0.8138,Policy,event,naruto character,natural event,life cycle event,family,Noble family,fictional character,comics character,soap character,disney character,,,"The Tokyo Conference was a conference held between March 28 and 30, 1942 at Tokyo by South-East Asian Indian Nationalist groups including the Indian Independence League, the Indian National Council, and smaller local Indian associations and clubs. This conference led to the decision to establish an all-unifying Indian Independence League.",Tokyo Conference,http://en.wikipedia.org/wiki/Tokyo_Conference,,
