_unit_id,_golden,_unit_state,_trusted_judgments,_last_judgment_at,category,category_id,notes_or_other_category,textresponse,textresponse:confidence,category_gold,item_desc,item_title,link
685992205,false,finalized,6,3/8/2015 05:30:47,"written work
written work
written work
written work
none of these categories
none of these categories","516
516
516


","



treatise
Vaṭeśvara-siddhānta el tratado matemático y astronómico",,0,,Vaṭeśvara-siddhānta was a mathematical and astronomical treatise written by Vaṭeśvara in India in 904 CE. This treatise contains fifteen chapters on astronomy and applied mathematics.,Vaṭeśvara-siddhānta,http://en.wikipedia.org/wiki/Vaṭeśvara-siddhānta
685992206,false,finalized,3,3/8/2015 05:17:28,"sports team season
sports team season
sports team season","11b
11b
","

",,0,,The following are the results and details of the Derry senior Gaelic football team's competitive games in 2007. Details of the 2007 Derry club competitions are also shown.,2007 Derry Gaelic football season,http://en.wikipedia.org/wiki/2007_Derry_Gaelic_football_season
685992207,false,finalized,3,3/8/2015 05:58:28,"person
World Heritage Site
person","205

","

",,0,,"The Shahi Imam is the Imam of Delhi's Jama Masjid, Mughal emperor Shahjahan appointed Syed Abdul Ghafoor Shah Bukhari to the high office of Imamat-e-Uzma, and conferred upon him the title of Shahi Imam.",Shahi Imam,http://en.wikipedia.org/wiki/Shahi_Imam
685992208,false,finalized,5,3/8/2015 05:27:06,"sport
sports team season
motorsport season
sports team season
sports team season","

11a
11b
","



",,0,,"The 1996–97 Ligue 1 season (then known as Division 1) was the 60th since its establishment. AS Monaco won the French Association Football League with 79 points. Four teams were relegated to Second division and only two were promoted because in 1997–1998, only 18 would participate the championship.",1996–97 French Division 1,http://en.wikipedia.org/wiki/1996–97_French_Division_1
685992209,false,finalized,3,3/8/2015 04:30:26,"populated place
none of these categories
populated place","

","state
education
area",,0,,"The smallest state in India, Goa covers an area of 3,702 km2. Situated on the western coast of India, Goa shares its northern boundary with Maharashtra. Karnataka covers the eastern and southern boundary of the state. Panaji is the capital city of the state of Goa. One of the major tourist destinations in India, Goa also houses some of the best educational institutes of the nation. The scenario of education here is comparatively better than many other states of the nation.",Education in Goa,http://en.wikipedia.org/wiki/Education_in_Goa
685992210,false,finalized,6,3/8/2015 05:23:48,"historic place
populated place
Site of Special Scientific Interest
populated place
populated place
historic place","

416
414
414
","




",,0,,"Kumirkola is a small village residing on the banks of the Damodar river, which flows through the heart of Burdwan district of West Bengal in India. It has a population of about 1737 persons living in 339 households.The name Kumirkola is probably derived from two Bengali words ""Kumir"" and ""khola"", indicating a crocodile and a rough surface.",Kumirkola,http://en.wikipedia.org/wiki/Kumirkola
685992211,false,finalized,3,3/8/2015 04:35:31,"sport
sports team season
sport","

102","

",,0,,Olympique de Marseille won Division 1 season 1971/1972 of the French Association Football League with 56 points.,1971–72 French Division 1,http://en.wikipedia.org/wiki/1971–72_French_Division_1
685992212,false,finalized,3,3/8/2015 05:06:35,"person
person
person","
205
205","governor

",,0,,Tughral Tughan Khan (also known as Mughisuddin Tughral) ruled Bengal during 1236-1246 CE and again during 1272-1281 CE. He was also a governor of Bihar and Oudh.,Tughral Tughan Khan,http://en.wikipedia.org/wiki/Tughral_Tughan_Khan
685992213,false,finalized,4,3/8/2015 05:13:39,"none of these categories
none of these categories
none of these categories
societal event","90000
90000
90000
","Social problem
health|malnutrition
epidemic
",,0,,"This article refers to the situation of malnutrition in the Indian state of Kerala.According to the India State Hunger Index published by the International Food Policy Research Institute, the severity of hunger and malnutrition in Kerala is the second lowest in India, and is considered to be ""serious"".",Malnutrition in Kerala,http://en.wikipedia.org/wiki/Malnutrition_in_Kerala
685992214,false,finalized,3,3/8/2015 05:50:13,"sport
sports team season
sports team season","102

","

",,0,,The 1985–86 season was the 106th season of competitive football in England.,1985–86 in English football,http://en.wikipedia.org/wiki/1985–86_in_English_football
685992215,false,finalized,5,3/8/2015 05:28:35,"employer
none of these categories
person
organisation
none of these categories","202
90000


","
work - workšlace rank


A senior rank",,0,,"The Chief Commissioner of Income Tax or ""Director General of Income Tax"" is a senior rank in the Income Tax Department in India. Chief Commissioners are in charge of operations of the department with in a region which is usually overlapping with the territory of a state. Depending on the region their numbers vary from 23(like in Maharashtra) and 3(Karnataka). They are chosen from the Indian Revenue Service and usually after serving in the Government for a period of 30 years.",Chief Commissioner of Income Tax,http://en.wikipedia.org/wiki/Chief_Commissioner_of_Income_Tax
685992216,false,finalized,3,3/8/2015 05:50:13,"none of these categories
Instrument
none of these categories","90000

","project

building",,0,,"The Mumbai Manmad Bijwasan Pipeline (MMBPL) was one of the most ambitious projects undertaken by Bharat Petroleum Corporation Limited. The project commenced in mid-1998 and involved the laying of a 168 km long petroleum product pipeline from Mumbai on the Arabian sea coast to Manmad, near Nashik, located in North-Eastern Maharashtra. Subsequently, by March 2007, the pipeline was extended from Manmad to Bijwasan near New Delhi's Indira Gandhi International Airport.",Mumbai–Manmad Pipeline,http://en.wikipedia.org/wiki/Mumbai–Manmad_Pipeline
685992217,false,finalized,3,3/8/2015 04:43:49,"none of these categories
employer
populated place","

414","mall

",,0,,"The Pinnacle Mall is a large mixed used development in the city of Nasik, Maharashtra, South West India. It is a 300,000 square feet (28,000 m2) development on the Trimbak road square at the junction of the old Mumbai and Trimbakeshwar expressway. It is being developed by the Atal Buildcon company. It was inaugurated on 16 July 2011.Pantaloon will be the major tenant.",Pinnacle Mall,http://en.wikipedia.org/wiki/Pinnacle_Mall
685992218,false,finalized,3,3/8/2015 05:17:28,"natural place
populated place
populated place","412
414
","

",,0,,"Thurinjapuram block is a revenue block in the Tiruvannamalai district of Tamil Nadu, India. It contains a total of 47 panchayat villages.",Thurinjapuram block,http://en.wikipedia.org/wiki/Thurinjapuram_block
685992219,false,finalized,4,3/8/2015 05:27:32,"organisation
organisation
organisation
none of these categories","204
204

","


charitable trust",,0,,SukhSagar International Educational & Charitable Trust (Regi) was founded by Dr. Raman Sukhsagar ji to promote quality education to poor aspirants and others. It is situated in Western Uttar Pradesh in India close to the National Capital Region Delhi.,SukhSagar International Educational & Charitable Trust,http://en.wikipedia.org/wiki/SukhSagar_International_Educational_&_Charitable_Trust
685992220,false,finalized,3,3/8/2015 05:21:11,"none of these categories
deity
person","90000
201
","This page has been deleted

",,0,,Swetang is an Indian originated name. Shwetang/Shvetang/Swetang all are the synonym of the name. Swetang is one of name given to great lord Ganesha. Swetang means someone with white skin.,Swetang,http://en.wikipedia.org/wiki/Swetang
685992221,false,finalized,4,3/8/2015 05:27:32,"populated place
artwork
populated place
none of these categories","414
501

","


village",,0,,"In the village of Chandanpet just outside Hyderabad, almost the entire population is engaged in the delicate art of drilling pearls. A skill they have practiced for generations, making Hyderabad one of the largest drilling centres in India.",Hyderabad Pearls,http://en.wikipedia.org/wiki/Hyderabad_Pearls
685992222,false,finalized,3,3/8/2015 04:30:26,"none of these categories
none of these categories
person","

","king
king
person",,0,,"Wu Yi (Chinese: 武乙) was king of the Shang Dynasty of ancient China from 1147 to 1112 BC. His given name was Qu (瞿). According to the Bamboo Annals, his capital was at Yin. He was a son of his predecessor Geng Ding and father of King Wen Ding.In the 21st year of his reign, the Zhou leader Koufu (口父) died.In the 24th year of the regime of Wu Yi, Zhou attacked Cheng (程) at Bi (毕) and defeated Bi.In the 30th year, Zhou attacked Yiqu (义渠) and captured the king of Yiqu.",Wu Yi of Shang,http://en.wikipedia.org/wiki/Wu_Yi_of_Shang
685992223,false,finalized,3,3/8/2015 04:37:49,"none of these categories
none of these categories
written work","

","format
date
",,0,,ISO 8601 has been adopted as BIS IS 7900:2001 (Data elements and interchange formats – Information interchange – Representation of dates and times - first revision),Date and time notation in India,http://en.wikipedia.org/wiki/Date_and_time_notation_in_India
685992224,false,finalized,3,3/8/2015 05:58:28,"sports team season
sport
none of these categories","11b

","

sports team",,0,,"The Georgia Southern Eagles baseball team is the intercollegiate baseball team representing Georgia Southern University. It began in 1933. The program competes in NCAA Division I. The team is led by head coach Rodney Hennon, who is in his 11th year at Georgia Southern. The Eagles are part of the Southern Conference (SoCon).",Georgia Southern Eagles baseball,http://en.wikipedia.org/wiki/Georgia_Southern_Eagles_baseball
685992225,false,finalized,6,3/8/2015 05:23:48,"none of these categories
Site of Special Scientific Interest
information appliance
Site of Special Scientific Interest
Site of Special Scientific Interest
Site of Special Scientific Interest","

303
416
416
","Laboratory




",,0,,"IBM India Research Laboratory (IRL) is one of IBM's eight major worldwide research laboratories. It was established in 1998 in Delhi, India.Some of the aims of the laboratory are to develop solutions for digital data, computers and mobile phones.The research areas of the lab are Mobile Enabled Emerging Solutions: Developing industry-specific solutions and helping bridge the digital divide through innovative technologies.",IBM India Research Laboratory,http://en.wikipedia.org/wiki/IBM_India_Research_Laboratory
685992226,false,finalized,3,3/8/2015 05:17:28,"natural place
natural place
natural place","412
412
","

",,0,,"The Marabar Caves are fictional caves in the novel A Passage to India and the film of the same name. The caves are based on the real life Barabar Caves located in the Jehanabad District of Bihar, India. They serve as an important plot location and motif in the novel. Key features of the caves are the glass smooth walls and a peculiar resonant echo magnifying any sound made in the caves.Among many others, the main characters, Mrs. Moore, Adela Quested, and Dr.",Marabar Caves,http://en.wikipedia.org/wiki/Marabar_Caves
685992227,false,finalized,6,3/8/2015 05:30:47,"person
deity
person
person
person
person","205
201
205


","




",,0,,"Muhammad Qasim Sadiq, also known as Baba Ji Sarkar (1842? - November 21, 1943) was a Sufi saint who died at the town of Mohra Sharif, near the hill station Murree, now located in Pakistan. His urs is held at this location.",Muhammad Qasim Sadiq,http://en.wikipedia.org/wiki/Muhammad_Qasim_Sadiq
685992228,false,finalized,4,3/8/2015 05:27:32,"sports team season
sport
sport
sports team season","11b
102

","


",,0,,"The 2013 Brooklyn Italians season will be the club's 65th season of existence, and their third consecutive season in the National Premier Soccer League, the fourth division of both the American and Canadian soccer pyramids.",2013 Brooklyn Italians season,http://en.wikipedia.org/wiki/2013_Brooklyn_Italians_season
685992229,false,finalized,4,3/8/2015 04:54:21,"person
person
employer
person","205
205
202
205","

representative|India
",,0,,"Historically, a Kapitan Keling was a representative of the Indian community in a South East Asian city, similar to the more widespread office of the ""Kapitan Cina"" for the Chinese community. ""Keling"" is a Malay term for people of Indian origin, nowadays considered offensive but was not so regarded historically.Cauder Mohideen was the first Kapitan Keling of Penang.",Kapitan Keling,http://en.wikipedia.org/wiki/Kapitan_Keling
685992230,false,finalized,3,3/8/2015 04:37:49,"none of these categories
none of these categories
website","

","scandal
video
video",,0,,"The Nityananda sex scandal refers to a video of godman Swami Nithyananda in a compromising position with Tamil actress Ranjitha in the godman's ashram in Bidadi. Telecasted by the Tamil television Sun TV on 3 March 2010, the video created a furore in India. Nityananda was eventually arrested in Himachal Pradesh on April 21, 2010 and brought to Bangalore where he stood trial for rape and unnatural sex. Zee News later listed this episode in the top five sex-scandals in India.",Nityananda sex scandal,http://en.wikipedia.org/wiki/Nityananda_sex_scandal
685992231,false,finalized,3,3/8/2015 05:58:28,"populated place
none of these categories
none of these categories","414

","
ethnicity/comunity
people",,0,,The Bodh people are a community found in Himachal Pradesh.,Bodh people,http://en.wikipedia.org/wiki/Bodh_people
685992232,false,finalized,3,3/8/2015 05:15:04,"none of these categories
sport
none of these categories","90000
102
","team
sport
Marina de Guardias Marinas de béisbol",,0,,"For information on all United States Naval Academy sports, see Navy MidshipmenThe Navy Midshipmen baseball team is a varsity intercollegiate athletic team of the United States Naval Academy in Annapolis, Maryland, USA. The team is a member of the Patriot League, which is part of the National Collegiate Athletic Association's Division I. Navy's first baseball team was fielded in 1893. The team plays its home games at Terwilliger Brothers Field at Max Bishop Stadium in Annapolis, Maryland.",Navy Midshipmen baseball,http://en.wikipedia.org/wiki/Navy_Midshipmen_baseball
685992233,false,finalized,3,3/8/2015 04:43:49,"none of these categories
organisation
none of these categories","

90000","corporation

organisation",,0,,"Prospect Electricity was the state-owned corporation owned by the Government of New South Wales responsible for retailing electricity to consumers in the Greater Western Sydney region between 1991 and 1996.It was originally founded in 1957 as the Prospect County Council, as a spin-off from the Sydney County Council, which was responsible for supplying electricity to much of the eastern half of Sydney. As with the Sydney County Council, it was initially controlled by local councils in the area.",Prospect Electricity,http://en.wikipedia.org/wiki/Prospect_Electricity
685992234,false,finalized,3,3/8/2015 04:43:49,"none of these categories
person
none of these categories","

90000","manufacturer

organisation",,0,,"Aérospatiale-Matra was a French missile and aircraft manufacturer. It was formed in 1999 by the merger of French companies Aérospatiale and Matra Haute Technologie. It was short-lived as a company; on July 10, 2000, it merged with DaimlerChrysler Aerospace AG (DASA) of Germany and Construcciones Aeronáuticas SA (CASA) of Spain to form EADS.",Aérospatiale-Matra,http://en.wikipedia.org/wiki/Aérospatiale-Matra
685992235,false,finalized,3,3/8/2015 05:21:11,"sport facility
sport
sports team season","419
102
","

",,0,,"The Big East Conference was a collegiate athletics conference that consisted of as many as 16 universities in the eastern half of the United States from 1979 to 2013. The conference's members participated in 24 NCAA sports. Three members had football programs but were not Big East football schools: Notre Dame football was independent while Georgetown and Villanova competed in the Football Championship Subdivision. Another five schools—DePaul, Marquette, Seton Hall, St.",Big East Conference (1979–2013),http://en.wikipedia.org/wiki/Big_East_Conference_(1979–2013)
685992236,false,finalized,3,3/8/2015 05:17:28,"organisation
societal event
organisation","204
703
","

",,0,,"The French Resistance (French: la Résistance ""the Resistance"") is the name used to denote the collection of French resistance movements that fought against the Nazi German occupation of France and against the collaborationist Vichy régime during World War II.",French Resistance,http://en.wikipedia.org/wiki/French_Resistance
685992237,false,finalized,6,3/8/2015 05:23:48,"societal event
societal event
historic place
sport
sport
sport","

408
102
102
","




",,0,,"The Great Northwest Athletic Conference (GNAC) is a collegiate athletic conference which has historically operated in the northwestern United States, but also currently includes four schools in areas not usually considered part of that region—two in Alaska (neither of which is located in Southeast Alaska, an area often considered part of the Northwest), one in eastern Montana (almost never considered part of the region), and one in the Canadian province of British Columbia (an area included with the Northwest U.S. ",Great Northwest Athletic Conference,http://en.wikipedia.org/wiki/Great_Northwest_Athletic_Conference
685992238,false,finalized,3,3/8/2015 04:35:31,"none of these categories
none of these categories
none of these categories","

90000","ancient Near Eastern people
ancient|dynasty
people",,0,,"The Kassites were an ancient Near Eastern people who controlled Babylonia after the fall of the Old Babylonian Empire ca. 1531 BC and until ca. 1155 BC (short chronology).The Kassites gained control of Babylonia after the Hittite sack of the city in 1595 BC (i.e. 1531 BC per the short chronology), and established a dynasty based in Dur-Kurigalzu.",Kassites,http://en.wikipedia.org/wiki/Kassites
685992239,false,finalized,5,3/8/2015 05:28:35,"person
deity
person
deity
deity","205
201


","



",,0,,"Kubera (Sanskrit: कुबेर, Pali/later Sanskrit: Kuvera) also spelt Kuber, is the Lord of Wealth and the god-king of the semi-divine Yakshas in Hindu mythology. He is regarded as the regent of the North (Dik-pala), and a protector of the world (Lokapala). His many epithets extol him as the overlord of numerous semi-divine species and the owner of the treasures of the world.",Kubera,http://en.wikipedia.org/wiki/Kubera
685992240,false,finalized,5,3/8/2015 05:28:35,"organisation
sports team season
none of these categories
sport
societal event","204
11b


","

conference

",,0,,The Mid-Eastern Athletic Conference (MEAC) is a collegiate athletic conference of historically black colleges and universities (HBCUs) in the Southeastern United States.,Mid-Eastern Athletic Conference,http://en.wikipedia.org/wiki/Mid-Eastern_Athletic_Conference
685992241,false,finalized,3,3/8/2015 05:15:04,"none of these categories
none of these categories
none of these categories","90000
90000
","war|massacre
murderer
La masacre de My Lai (vietnam)",,0,,"The Mỹ Lai Massacre (Vietnamese: thảm sát Mỹ Lai [tʰɐ̃ːm ʂɐ̌ːt mǐˀ lɐːj], [mǐˀlɐːj] ; /ˌmiːˈlaɪ/, /ˌmiːˈleɪ/, or /ˌmaɪˈlaɪ/) was the Vietnam War mass murder of between 347 and 504 unarmed civilians in South Vietnam on March 16, 1968. It was committed by the U.S. Army soldiers from the Company C of the 1st Battalion, 20th Infantry Regiment, 11th Brigade of the 23rd (Americal) Infantry Division. Victims included men, women, children, and infants.",My Lai Massacre,http://en.wikipedia.org/wiki/My_Lai_Massacre
685992242,false,finalized,3,3/8/2015 04:35:31,"sport
none of these categories
sport","

102","
conference
",,0,,The Patriot League is a collegiate athletic conference comprising private institutions of higher education and two United States service academies based in the Northeastern United States.,Patriot League,http://en.wikipedia.org/wiki/Patriot_League
685992243,false,finalized,6,3/8/2015 05:30:47,"organisation
sport
sport
sports team season
sports team season
none of these categories","204
102
102


","




Pioneer Football League",,0,,"The Pioneer Football League is a collegiate athletic conference which operates in the East, Midwest, and California of the United States. It has member schools that range from New York, North Carolina, and Florida in the east to California in the west. The conference participates in the NCAA's Division I Football Championship Subdivision (FCS) as a football-only conference.",Pioneer Football League,http://en.wikipedia.org/wiki/Pioneer_Football_League
685992244,false,finalized,5,3/8/2015 05:27:06,"person
person
person
person
written work","

205
205
","



",,0,,"Shamgar, son of Anath (Hebrew: שמגר בן־ענת‎) is the name of one or possibly two individuals named in the Book of Judges.",Shamgar,http://en.wikipedia.org/wiki/Shamgar
685992245,false,finalized,3,3/8/2015 04:43:49,"sports team season
sport
sport","

102","

",,0,,"The Western Athletic Conference (WAC) is an American collegiate athletic conference affiliated with the National Collegiate Athletic Association (NCAA) Division I which was formed on July 27, 1962.",Western Athletic Conference,http://en.wikipedia.org/wiki/Western_Athletic_Conference
685992246,false,finalized,3,3/8/2015 05:15:04,"organisation
organisation
none of these categories","204
204
","
organisation
Ejército Zapatista de Liberación Nacional",,0,,"The Zapatista Army of National Liberation (Ejército Zapatista de Liberación Nacional, EZLN), often referred to as the Zapatistas, is a revolutionary leftist group based in Chiapas, the southernmost state of Mexico.Since 1994, the group has been in a declared war ""against the Mexican state"", although this war has been primarily defensive, against military, paramilitary and corporate incursions into Chiapas.[citation needed] In recent years, it has been focused on a strategy of civil resistance.",Zapatista Army of National Liberation,http://en.wikipedia.org/wiki/Zapatista_Army_of_National_Liberation
685992247,false,finalized,3,3/8/2015 05:06:35,"none of these categories
person
person","
205
205","king of Cappadocia

",,0,,"Ariarathes X, surnamed Eusebes Philadelphos, ""Pious, brother-loving"" (Ancient Greek: Ἀριαράθης Εὐσεϐής Φιλάδελφος, Ariaráthēs Eusebḗs Philádelphos), was the king of Cappadocia from ca. 42 BC to 36 BC. He was of Persian and Greek ancestry. His father was King Ariobarzanes II of Cappadocia and his mother was Queen Athenais. He became king after his brother Ariobarzanes III Philoromaios was killed.",Ariarathes X of Cappadocia,http://en.wikipedia.org/wiki/Ariarathes_X_of_Cappadocia
685992248,false,finalized,6,3/8/2015 05:30:47,"societal event
organisation
none of these categories
organisation
organisation
none of these categories","703
204
90000


","




Basell Poliolefinas la joint venture",,0,,Basell Polyolefins was a joint venture between BASF and Royal Dutch Shell. Leonard Blavatnik's Access Industries acquired it from the venturers for $5.7 billion in August 2005.,Basell Polyolefins,http://en.wikipedia.org/wiki/Basell_Polyolefins
685992249,false,finalized,4,3/8/2015 05:13:39,"organisation
organisation
organisation
organisation","204
204
204
","
bank

",,0,,"The Commercial Bank of Australia (CBA, 1866 – 1982) was an Australian and New Zealand retail bank which merged into the Bank of New South Wales bank in 1982, to form Westpac. In New Zealand it was one of the partners in Databank Systems Limited, formed in 1967-68 to provide computer resources for New Zealand trading banks. The bank was known as the CBA, but that should not be confused with the Commonwealth Bank which is called the CBA today.",Commercial Bank of Australia,http://en.wikipedia.org/wiki/Commercial_Bank_of_Australia
685992250,false,finalized,6,3/8/2015 05:23:48,"organisation
sport
sport
sport
sport
sport","

102
102
102
","



sport rate  Division I (DI) is the highest level of intercollegiate athletics sanctioned by the National Collegiate Athletic Association (NCAA) in the United States. DI schools include major collegiate athletic powers, with larger budgets, more elaborate facilities, and sports scholarships Divisions II and III, as well as many smaller schools committed to the highest level of intercollegiate competition.
",,0,,Division I (D-I) is the highest level of intercollegiate athletics sanctioned by the National Collegiate Athletic Association (NCAA) in the United States.,Division I (NCAA),http://en.wikipedia.org/wiki/Division_I_(NCAA)
685992251,false,finalized,3,3/8/2015 05:17:28,"organisation
organisation
organisation","204
204
","

",,0,,"The East Indian Railway Company, later known as the East Indian Railway (EIR), introduced railways to eastern and northern India, while the Companies such as the Great Indian Peninsular Railway, South Indian Railway, Central India Railway and the North-Western Railway operated in other parts of India. The company was established 1 June 1845 in London by a deed of settlement with a capital of £4,000,000, largely raised in London.",East Indian Railway Company,http://en.wikipedia.org/wiki/East_Indian_Railway_Company
685992252,false,finalized,3,3/8/2015 04:30:26,"none of these categories
organisation
organisation","

","Company

organisation",,0,,"G.D. Searle & Company or just Searle was a company focusing on life sciences, specifically pharmaceuticals, agriculture, and animal health. It is now part of Pfizer.",G. D. Searle & Company,http://en.wikipedia.org/wiki/G._D._Searle_&_Company
685992253,false,finalized,3,3/8/2015 04:30:26,"none of these categories
none of these categories
none of these categories","

","kidnapping case
crime
criminal|gangster|kidnapping",,0,,"The Geeta and Sanjay Chopra kidnapping case was a notorious crime in New Delhi in 1978. Two children, Geeta and Sanjay Chopra, were kidnapped by two young men, Ranga Khus (Kuljeet Singh) and Billa (Jasbir Singh), who planned to demand ransom from their parents. On finding that their father was a naval officer, they dropped the idea. To eliminate evidence, they subsequently murdered Sanjay, raped Geeta and then killed her as well. They then fled the city.",Geeta and Sanjay Chopra kidnapping case,http://en.wikipedia.org/wiki/Geeta_and_Sanjay_Chopra_kidnapping_case
685992254,false,finalized,3,3/8/2015 05:15:04,"none of these categories
none of these categories
none of these categories","90000
90000
","war
army|war
La participación italiana en el frente oriental durante la Segunda Guerra Mundial",,0,,"The Italian participation in the Eastern Front during World War II began after the launch of Operation Barbarossa on 22 June 1941. Barbarossa was the German war against the Soviet Union. To show solidarity with the Germans, Italian dictator Benito Mussolini ordered a contingent of the Italian Royal Army to be prepared for the Eastern Front and, by early July, an Italian force was in transport.",Italian participation in the Eastern Front,http://en.wikipedia.org/wiki/Italian_participation_in_the_Eastern_Front
685992255,false,finalized,4,3/8/2015 05:27:32,"organisation
organisation
none of these categories
none of these categories","204
204

","

army
organization",,0,,"Judge Advocate General's Corps, also known as JAG or JAG Corps, refers to the legal branch or specialty of a military concerned with military justice and military law. Officers serving in a JAG Corps are typically called Judge Advocates.Judge Advocates serve primarily as legal advisors to the command to which they are assigned. In this function, they can also serve as the personal legal advisor to their commander.",Judge Advocate General's Corps,http://en.wikipedia.org/wiki/Judge_Advocate_General's_Corps
685992256,false,finalized,5,3/8/2015 05:28:35,"automobile engine
automobile
none of these categories
automobile
automobile","301
20d


","

nameplate

",,0,,"The Nissan Clipper nameplate has been used for two separate commercial vehicle ranges. Originally this was just a relabelled version of Prince's ""Clipper"" light/medium duty commercial vehicle range. In 2003 the nameplate was revived for a relabelled version of the Mitsubishi Minicab, a Kei truck provided in an OEM deal.",Nissan Clipper,http://en.wikipedia.org/wiki/Nissan_Clipper
685992257,false,finalized,3,3/8/2015 05:50:13,"automobile
automobile
automobile","20d

","

",,0,,"The Prince Homer was a small commercial vehicle manufactured by the now defunct Prince Motor Company. It was available as a van, called the Homy, a double cab, or regular cab truck. The first model was known as the T64, and was sold as the Prince Homer or PMC T64. The T640 was introduced in 1966 and was sold as a Nissan (without any modifications aside from badging) due to Prince merging with Nissan.",Prince Homer,http://en.wikipedia.org/wiki/Prince_Homer
685992258,false,finalized,3,3/8/2015 05:17:28,"automobile
automobile
automobile","20d
20d
","

",,0,,"Ursaab, also known as 92001 and X9248, was the first of four prototype cars made by Saab AB, which at that time was solely an aeroplane manufacturer, leading to production of the first Saab car, the Saab 92 in 1949. The car is now in the Saab Car Museum in Trollhättan. The name ""Ursaab"" means ""original Saab"".",Ursaab,http://en.wikipedia.org/wiki/Ursaab
685992259,false,finalized,3,3/8/2015 04:43:49,"sport
sport
sport","

102","

",,0,,The 2003–04 season was the 124th season of Association football in England.,2003–04 in English football,http://en.wikipedia.org/wiki/2003–04_in_English_football
685992260,false,finalized,3,3/8/2015 05:58:28,"automobile engine
automobile engine
none of these categories","301

","

vehicle",,0,,"The Essex V4 was a 60° V4 engine from Ford Motor Company made at the plant in Essex. The engine was available in two capacities, 1663 cc and 1996 cc, differing only in stroke. This engine was used on the Ford Corsair, Capri Mk I, Consul/Granada Mk I, Ford Zephyr 4 Mk IV and certain early models of the Ford Transit van.",Ford Essex V4 engine,http://en.wikipedia.org/wiki/Ford_Essex_V4_engine
685992261,false,finalized,4,3/8/2015 05:27:32,"sports team season
sport
sport
sports team season","11b
102

","


",,0,,The 2002-03 season was the 123rd season of competitive football in England.,2002–03 in English football,http://en.wikipedia.org/wiki/2002–03_in_English_football
685992262,false,finalized,5,3/8/2015 05:27:06,"sport
sports team season
organisation
sport
organisation","

204
102
","



",,0,,"The Danish Football Association (DBU) (Danish: Dansk Boldspil-Union; DBU) is the governing body of football in Denmark. It is the organization of the Danish football clubs and runs the professional Danish football leagues and the men's and women's national teams. It is based in the city of Brøndby and is a founding member of both FIFA and UEFA. From 2008, the DBU is also the governing body of futsal in Denmark.",Danish Football Association,http://en.wikipedia.org/wiki/Danish_Football_Association
685992263,false,finalized,5,3/8/2015 05:27:06,"sport
sport
sport
sport
sport","

102
102
","



",,0,,College soccer is association football played by teams who are operated by colleges and universities as opposed to a professional league operated for exclusively financial purposes.,College soccer,http://en.wikipedia.org/wiki/College_soccer
685992264,false,finalized,3,3/8/2015 04:35:31,"aircraft
aircraft
weapon","

305","

",,0,,"The Aero Ae 02 was the first fighter aircraft to be designed and built in Czechoslovakia, first flying in 1920.Designed by Husnik and Vlasak, it was of conventional biplane configuration. The orthodox two spar upper wing was straight, without dihedral and constructed in one piece, was supported above the fuselage on two sets of outward sloping N struts and an inverted V cabane. The lower wing was in two sections attached to stub 'winglets' on the fuselage.",Aero Ae 02,http://en.wikipedia.org/wiki/Aero_Ae_02
685992265,false,finalized,3,3/8/2015 05:50:13,"none of these categories
organisation
organisation","90000

","Federation

",,0,,Tribal Youth Federation (in Bengali Upajati Juba Federation) is an organization affiliated to Democratic Youth Federation of India in Tripura. TYF organizes youth from the tribal populations of the state. TYF has a separate central committee and publishes Bini Kharad (Our Voice).,Tribal Youth Federation,http://en.wikipedia.org/wiki/Tribal_Youth_Federation
685992266,false,finalized,3,3/8/2015 04:30:26,"none of these categories
none of these categories
organisation","

","Cancer Research Center
research|center
organisation",,0,,Apacbiotech PVT LTD is a Indian Cancer Research Center in Gurgaon.,DK Leather,http://en.wikipedia.org/wiki/DK_Leather
685992267,false,finalized,3,3/8/2015 05:06:35,"sports team season
organisation
sports team season","
204
11b","

",,0,,"FIBA SuproLeague was the FIBA professional club basketball Champions' Cup for the 2000–01 season. Up until that season, there was one cup, the FIBA European Champions' Cup (which is now called the Euroleague), though in this season of 2000–01, the leading European teams split into two competitions: the FIBA SuproLeague and Euroleague Basketball Company's Euroleague 2000–01.",FIBA SuproLeague,http://en.wikipedia.org/wiki/FIBA_SuproLeague
685992268,false,finalized,6,3/8/2015 05:30:47,"historic place
societal event
societal event
none of these categories
societal event
none of these categories","408
703
703


","


Historical Period

La explicación de la Medieval India",,0,,"Medieval India refers to the Postclassical Era, i.e. 8th to 18th century CE in the Indian subcontinent. It is divided into two periods: The 'early medieval period' which lasted from the 8th to the 13th century and the 'late medieval period' which lasted from the 13th to the 18th century in some definitions, though many end the period with the start of the Mughal Empire in 1526.",Medieval India,http://en.wikipedia.org/wiki/Medieval_India
685992269,false,finalized,4,3/8/2015 05:13:39,"protected area
none of these categories
historic place
populated place","415
90000
408
","
farm

",,0,,"Shiv Sadan is a large farm and spiritual community in Uttar Pradesh, India, on the shores of the Ganges.At the time of its development in the late 1980s by Sikh spiritual leader Baba Virsa Singh Ji (Babaji), no one believed that such an area could be farmed successfully. The area was a sandy, alkaline, treeless wasteland that was prone to flooding, and had been condemned by the Indian government.",Shiv Sadan,http://en.wikipedia.org/wiki/Shiv_Sadan
685992270,false,finalized,4,3/8/2015 04:54:21,"none of these categories
automobile
none of these categories
automobile engine","90000
20d
90000
301","vehicle

sus|engines
",,0,,"Volvo Cars has a long reputation as a maker of inline (or straight) engines. This list of Volvo engines gives an overview of available internal combustion engines.When Volvo started in 1927, they ordered their engines from the engine manufacturer Penta in Skövde. The first engine was the inline four-cylinder side-valve 28 horsepower (21 kW; 28 PS) Type DA.",List of Volvo engines,http://en.wikipedia.org/wiki/List_of_Volvo_engines
685992271,false,finalized,4,3/8/2015 05:13:39,"organisation
none of these categories
organisation
organisation","204
90000
204
","
provider|electricity

",,0,,The Electricity Trust of South Australia (ETSA) was the South Australian Government-owned monopoly vertically integrated electricity provider. Its controversial privatisation in 1999 was one of the most important political events in recent South Australian history.,Electricity Trust of South Australia,http://en.wikipedia.org/wiki/Electricity_Trust_of_South_Australia
685992272,false,finalized,3,3/8/2015 04:30:26,"none of these categories
societal event
none of these categories","

","interregnum

interregnum",,0,,"The Rule of the Dukes was an interregnum in the Lombard Kingdom of Italy (574/5–584/5) during which Italy was ruled by the Lombard dukes of the old Roman provinces and urban centres. The interregnum is said to have lasted ten years according to Paul the Deacon, but all other sources—the Fredegarii Chronicon, the Origo Gentis Langobardorum, the Chronicon Gothanum, and the Copenhagen continuator of Prosper Tiro—accord it twelve.",Rule of the Dukes,http://en.wikipedia.org/wiki/Rule_of_the_Dukes
685992273,false,finalized,5,3/8/2015 05:28:35,"sport
sport
sport
sport
sport","102
102


","



",,0,,"Bull or Buffalo racing (""Kala or Pothu poottu matsaram"") is an agricultural spectator sport held in Kerala, India for thousands of years.",Buffalo racing in Kerala,http://en.wikipedia.org/wiki/Buffalo_racing_in_Kerala
685992274,false,finalized,6,3/8/2015 05:30:47,"sport
sport
sport
sports team season
sports team season
none of these categories","102
102
102


","




La Liga de Fútbol Montgomeryshire",,0,,"The Montgomeryshire Football League (currently the The JT Hughes Football League) is a football league in Mid Wales, sitting at the fifth and sixth levels of the Welsh football league system.The league hosts several cup competitions: Emrys Morgan Cup, Montgomeryshire Cup, Village Cup, League Cup and Consolation Cup.Teams promoted from Division One may enter the Mid Wales League if standards and facilities fall into line with the regulations of the Mid Wales League.Currently one team is from just over the border in England — Trefonen.",Montgomeryshire Football League,http://en.wikipedia.org/wiki/Montgomeryshire_Football_League
685992275,false,finalized,3,3/8/2015 05:50:13,"none of these categories
organisation
societal event","90000

","Programme

",,0,,"15 point Programme for minorities is a controversial programme approved by Indian government in 2006 for welfare of religious minorities. It ran into controversies with the principal opposition party Bharatiya Janata Party charging the UPA government of communal budgeting, minority appeasment, religious discrimination and vote bank politics. The Central government has allocated 15% of plan outlays for implementation of the 15 points.",15 point Programme for minorities,http://en.wikipedia.org/wiki/15_point_Programme_for_minorities
685992276,false,finalized,3,3/8/2015 05:58:28,"none of these categories
societal event
none of these categories","90000

","specification

electronic",,0,,MIOS or Meter Inter Operability Solution is a specification for inter operability of electric meters for remote meter reading applications in India proposed by IEEMA and is developed and maintained by Metering India which is a group of Meter Manufacturers.,MIOS,http://en.wikipedia.org/wiki/MIOS
685992277,false,finalized,3,3/8/2015 05:21:11,"automobile
automobile engine
automobile","20d
301
","

",,0,,"The Mercedes-Benz Trucks L-series is a conventional layout, cab-after-engine truck manufactured from 1959 to 1995. In Germany it is most commonly referred to as the Kurzhauber (for ""short bonnet""). The engine intruded into the cabin underneath the windshield, all in the name of making a shorter truck to meet the strict period German regulations on overall length.",Mercedes-Benz L-series truck,http://en.wikipedia.org/wiki/Mercedes-Benz_L-series_truck
685992278,false,finalized,3,3/8/2015 05:21:11,"societal event
none of these categories
none of these categories","703
90000
","
obesity
obesity",,0,,"Obesity has reached epidemic proportions in India in the 21st century, with morbid obesity affecting 5% of the country's population. India is following a trend of other developing countries that are steadily becoming more obese. Unhealthy, processed food has become much more accessible following India's continued integration in global food markets.",Obesity in India,http://en.wikipedia.org/wiki/Obesity_in_India
685992279,false,finalized,3,3/8/2015 05:06:35,"none of these categories
family
none of these categories","
203
90000","Deshastha Rigvedi Brahmins

uncommon surname",,0,,"Parkhi is an uncommon surname of Deshastha Rigvedi Brahmins. The common Gotra found in Parkhis is Harita/Haritas. They are mostly located in Pune and Nagpur.Other Parkhis are also found in Mumbai, Thane, Nashik, Dombivali and abroad in the United States and United Kingdom.Chandu Parkhi is one the most notable person with surname Parkhi.Sandeep Parkhi has designed the website for the Parkhi family in Nagpur.",Parkhi,http://en.wikipedia.org/wiki/Parkhi
685992280,false,finalized,6,3/8/2015 05:23:48,"family
family
family
organisation
none of these categories
person","

203
204
90000
","



Meiteis are people of Manipur, a state in northeastern India. Maisnam is a sagei (name / surname / family) of Luwang Salai (clan), one of the seven Salais of Manipur. The Luwang Salai is equivalent to the Kashyap gotra (clan) in Hinduism.
",,0,,"Maisnam (pronounced as ""meis - naam"") is a Meitei family name. Meiteis are people from Manipur, a state in north-eastern India. Maisnam is a sagei (surname/lastname/family) from the Luwang salai (clan), one of the seven salais of Manipur. The Luwang salai is equivalent to the Kashyap gotra (clan) in Hinduism.",Maisnam,http://en.wikipedia.org/wiki/Maisnam
685992281,false,finalized,4,3/8/2015 04:54:21,"sport
sports team season
sports team season
sport","102
11b
11b
102","

portsmouth
",,0,,"During the 2008–09 football season Portsmouth played their sixth consecutive season in the highest tier of English football, the Premier League. Thanks to the exploits of the previous season, Portsmouth achieved European football for the first time in their footballing history, thanks to an FA Cup win over Cardiff City; they competed in the UEFA Cup. They also participated in the Charity Shield, against Manchester United on 10 August 2008, at Wembley Stadium, eventually losing on penalties.",2008–09 Portsmouth F.C. season,http://en.wikipedia.org/wiki/2008–09_Portsmouth_F.C._season
685992282,false,finalized,3,3/8/2015 05:50:13,"sport
sports team season
sports team season","102

","

",,0,,Statistics of Austrian Football Bundesliga in the 1992/1993 season.,1992–93 Austrian Football Bundesliga,http://en.wikipedia.org/wiki/1992–93_Austrian_Football_Bundesliga
685992283,false,finalized,3,3/8/2015 05:58:28,"automobile
automobile
organisation","20d

","manufacturer

",,0,,"Kässbohrer Fahrzeugwerke was a German vehicle manufacturer in Ulm. Its products were buses, coaches, vehicle transporters, trailers and special vehicles like snow groomer vehicles.In 1893, Karl Kässbohrer founded the Wagenfabrik Kässbohrer in Ulm. In 1922, Kässbohrer developed a trailer for goods transport, having solid rubber wheels. When Karl Kässbohrer senior died, his sons, Karl junior and Otto Kässbohrer, took over the company.",Kässbohrer,http://en.wikipedia.org/wiki/Kässbohrer
685992284,false,finalized,3,3/8/2015 04:37:49,"automobile
automobile engine
automobile","

","

George Walker Bush",,0,,"The 2005 Cadillac DTS Presidential State Car was the official state car used by President George W. Bush of the United States during his administration. Analogous to the President's use of an airplane designated Air Force One, the automobile—traditionally a limousine—is informally known as ""Cadillac One"". The limousine model was replaced on January 20, 2009, upon the inauguration of President Barack Obama, although both models are still in use.",2005 Cadillac DTS Presidential State Car (United States),http://en.wikipedia.org/wiki/2005_Cadillac_DTS_Presidential_State_Car_(United_States)
685992285,false,finalized,3,3/8/2015 05:06:35,"sport
organisation
sports team season","
204
11b","

",,0,,"For information on all University of North Carolina at Charlotte sports, see Charlotte 49ersThe Charlotte 49ers baseball team is a varsity intercollegiate athletic team of the University of North Carolina at Charlotte in Charlotte, North Carolina, USA. The team is a member of Conference USA, which is part of the National Collegiate Athletic Association's Division I. Charlotte's first baseball team was fielded in 1979.",Charlotte 49ers baseball,http://en.wikipedia.org/wiki/Charlotte_49ers_baseball
685992286,false,finalized,3,3/8/2015 05:15:04,"sport
sport
sport","102
102
","
sport
",,0,,"The Coastal Carolina Chanticleers baseball program has been the university's most consistent program in terms of success. Head Coach Gary Gilmore (730-365-0 at CCU, 986-467-2 overall) has led the Chanticleers to 12 NCAA Regional appearances and two Super Regional appearances since being hired in 1996. The program has received #1 regional seeds on four occasions (2005, 2007, 2008, 2010) and won 50+ games in 2005, 2007, 2008, and 2010.",Coastal Carolina Chanticleers baseball,http://en.wikipedia.org/wiki/Coastal_Carolina_Chanticleers_baseball
685992287,false,finalized,5,3/8/2015 05:27:06,"sport
sports team season
organisation
sport
organisation","

204
102
","



",,0,,"The Florida Gators softball team represents the University of Florida in the sport of softball. The Florida Gators compete in Division I of the National Collegiate Athletics Association (NCAA) and the Southeastern Conference (SEC). The Gators play their home games at Katie Seashole Pressly Softball Stadium on the university's Gainesville, Florida campus, and are currently led by head coach Tim Walton.",Florida Gators softball,http://en.wikipedia.org/wiki/Florida_Gators_softball
685992288,false,finalized,3,3/8/2015 04:35:31,"sport
organisation
sport","

102","

",,0,,"For information on all Monmouth University sports, see Monmouth HawksThe Monmouth Hawks baseball team is a varsity intercollegiate athletic team of Monmouth University in West Long Branch, New Jersey, USA. The team is a member of the Metro Atlantic Athletic Conference, which is part of the National Collegiate Athletic Association's Division I. The team plays its home games at Monmouth Baseball Field in West Long Branch, New Jersey. The Hawks are coached by Dean Ehehalt.",Monmouth Hawks baseball,http://en.wikipedia.org/wiki/Monmouth_Hawks_baseball
685992289,false,finalized,4,3/8/2015 05:13:39,"organisation
sports team season
sport
organisation","204
11b
102
","
sports

",,0,,"For information on all Rider University sports, see Rider BroncsThe Rider Broncs baseball team is a varsity intercollegiate athletic team of Rider University in Lawrenceville, New Jersey, USA. The team is a member of the Metro Atlantic Athletic Conference, which is part of the National Collegiate Athletic Association's Division I. The team plays its home games at Sonny Pittaro Field in Lawrenceville, New Jersey. The Broncs are coached by Barry Davis.",Rider Broncs baseball,http://en.wikipedia.org/wiki/Rider_Broncs_baseball
685992290,false,finalized,3,3/8/2015 04:43:49,"sports team season
sport
sport","

102","

",,0,,Final league standings for the 1989 Western Soccer League season.,1989 Western Soccer League,http://en.wikipedia.org/wiki/1989_Western_Soccer_League
685992291,false,finalized,4,3/8/2015 05:13:39,"organisation
sports team season
sport
sports team season","204
11b
102
","
season

",,0,,Final league standings for the 1991 American Professional Soccer League season.,1991 American Professional Soccer League,http://en.wikipedia.org/wiki/1991_American_Professional_Soccer_League
685992292,false,finalized,3,3/8/2015 05:21:11,"sports team season
sports team season
sports team season","11b
11b
","

",,0,,Final league standings for the 1992 American Professional Soccer League season.,1992 American Professional Soccer League,http://en.wikipedia.org/wiki/1992_American_Professional_Soccer_League
685992293,false,finalized,4,3/8/2015 04:54:21,"sport
sports team season
sports team season
sport","102
11b
11b
102","

fc seoul
",,0,,This article is about 1996-2003 seasons of FC Seoul.,1996–2003 FC Seoul (Anyang LG Cheetahs) seasons,http://en.wikipedia.org/wiki/1996–2003_FC_Seoul_(Anyang_LG_Cheetahs)_seasons
685992294,false,finalized,6,3/8/2015 05:23:48,"sport
sports team season
sport
sports team season
sports team season
sports team season","

102
11b
11b
","




",,0,,"The 2009–10 season was Blackpool F.C.'s 103rd season (100th consecutive) in the Football League. It was also their third consecutive season in The Championship, the second tier of English football. The club won promotion, via the play-offs, to the Premier League for the first time, their 28th overall season in the top tier. Their victory over Cardiff City in the Final was the club's ninth victory in their last eleven games.",2009–10 Blackpool F.C. season,http://en.wikipedia.org/wiki/2009–10_Blackpool_F.C._season
685992295,false,finalized,4,3/8/2015 04:54:21,"organisation
organisation
societal event
populated place","204
204
703
414","

mision
",,0,,"The Consulate-General of India in Houston is a diplomatic mission of India in Houston. It serves Arkansas, Colorado, Kansas, Louisiana, Nebraska, Oklahoma, and Texas.The consulate opened in October 1995. The Consulate was previously located in Suite 600 of 3 Post Oak Central in the Uptown District. The space, which was the consulate's first location, had 11,353 square feet (1,054.7 m2) of space. In 2011 the consulate announced that it planned to outsource visa services.","Consulate-General of India, Houston","http://en.wikipedia.org/wiki/Consulate-General_of_India,_Houston"
685992296,false,finalized,4,3/8/2015 05:27:32,"sports team season
sport
sport
sports team season","11b
102

","


",,0,,"The Celtic Football Club was established in 1887. The club have won the Scottish League Championship 45 times, the Scottish Cup 35 times and the Scottish League Cup 14 times. They also won the European Cup in 1967.The club has played more than 100 seasons in Scottish football. The table details the club's achievements in all national and European first team competitions for each completed season.",List of Celtic F.C. seasons,http://en.wikipedia.org/wiki/List_of_Celtic_F.C._seasons
685992297,false,finalized,3,3/8/2015 05:15:04,"sports team season
sports team season
sports team season","11b
11b
","
sports team season
",,0,,This article details Crewe Alexandra's 2010–11 season in League Two. This will be Crewe's 87th competitive season.,2010–11 Crewe Alexandra F.C. season,http://en.wikipedia.org/wiki/2010–11_Crewe_Alexandra_F.C._season
685992298,false,finalized,5,3/8/2015 05:28:35,"organisation
organisation
none of these categories
organisation
sports team season","204
204


","

baseball team

",,0,,"For information on all University of Dayton sports, see Dayton FlyersThe Dayton Flyers baseball team is a varsity intercollegiate athletic team of the University of Dayton in Dayton, Ohio, USA. The team is a member of the Atlantic 10 Conference, which is part of the National Collegiate Athletic Association's Division I. The team plays its home games at Woerner Field in Dayton, Ohio. The Flyers are coached by Tony Vittorio.",Dayton Flyers baseball,http://en.wikipedia.org/wiki/Dayton_Flyers_baseball
685992299,false,finalized,5,3/8/2015 05:27:06,"sport
sports team season
organisation
sport
organisation","

204
102
","



",,0,,"The Clarkson Golden Knights men's ice hockey team is a National Collegiate Athletic Association (NCAA) Division I college ice hockey program that represents Clarkson University. The Golden Knights have been a member of ECAC Hockey since 1962, and play their home games at Cheel Arena in Potsdam, New York.",Clarkson Golden Knights men's ice hockey,http://en.wikipedia.org/wiki/Clarkson_Golden_Knights_men's_ice_hockey
685992300,false,finalized,3,3/8/2015 04:37:49,"societal event
none of these categories
societal event","

","
history
violence",,0,,The 2006 Mangalore Riots were a set of riots in Mangalore triggered by an attack by Hindu activists on a van carrying cows for the slaughter house. Cows have always been revered religiously by the Hindu community.,2006 Mangalore riots,http://en.wikipedia.org/wiki/2006_Mangalore_riots
685992301,false,finalized,3,3/8/2015 04:43:49,"none of these categories
information appliance
none of these categories","

90000","data standard

standards",,0,,Meta data and data standards or MDDS is the official document describing the standards for common metadata as part of India's National e-Governance Plan.,MDDS,http://en.wikipedia.org/wiki/MDDS
685992302,false,finalized,4,3/8/2015 05:27:32,"written work
historic place
organisation
artwork","516
408

","


",,0,,"Sound and Picture Archives for Research on Women or SPARROW is an archive of Indian women's history located in Dahisar, Mumbai. The archive contains print, visual, photographic and film materials related to women's history in India. The archive, which was founded in 1988 by Tamil feminist writer C. S. Lakshmi, is the largest archive of women's history in India.The archive collects oral history, personal papers, recorded speeches, photographers, posters, songs, art work etc.",Sound and Picture Archives for Research on Women,http://en.wikipedia.org/wiki/Sound_and_Picture_Archives_for_Research_on_Women
685992303,true,golden,46,"","populated place
populated place
populated place
none of these categories
organisation
populated place
written work
none of these categories
none of these categories
populated place
populated place
populated place
populated place
populated place
populated place
none of these categories
none of these categories
organisation
deity
populated place
populated place
none of these categories
populated place
populated place
populated place
organisation
none of these categories
deity
populated place
employer
populated place
natural place
populated place
country seat
societal event
populated place
populated place
none of these categories
country seat
organisation
populated place
none of these categories
populated place
country seat
none of these categories
populated place","































414
406
703
414
414
90000
406
204





","


revenue division



Organization
revenue division



revenue division



revenue|division|district




division of income




place->administrative unit










Governmet Service



revenue division


División Ariyalur es una división de los ingresos en un distrito de la India.
",,0,"organisation
populated place
none of these categories","Ariyalur division is a revenue division in the Ariyalur district of Tamil Nadu, India.",Ariyalur division,http://en.wikipedia.org/wiki/Ariyalur_division
685992304,false,finalized,3,3/8/2015 04:37:49,"organisation
sport
sport","

","

team|baseball",,0,,"For information on all Ball State University sports, see Ball State CardinalsThe Ball State Cardinals baseball team is a varsity intercollegiate athletic team of Ball State University in Muncie, Indiana, USA. The team is a member of the Mid-American Conference West division, which is part of the National Collegiate Athletic Association's Division I. Ball State's first baseball team was fielded in 1920. The team plays its home games at Ball Diamond in Muncie, Indiana.",Ball State Cardinals baseball,http://en.wikipedia.org/wiki/Ball_State_Cardinals_baseball
685992305,false,finalized,3,3/8/2015 05:58:28,"none of these categories
natural event
natural event","90000

","accident

",,0,,The 2013 Mumbai building collapse occurred on 27 September 2013 when a five-story building collapsed in the Mazagaon area of Mumbai city in Maharashtra a state in India. At least 61 people died and 32 others were injured in the disaster.,2013 Mumbai building collapse,http://en.wikipedia.org/wiki/2013_Mumbai_building_collapse
685992306,false,finalized,3,3/8/2015 05:06:35,"historic place
historic place
historic place","
408
408","

",,0,,"The Diwan-i-Am, or Hall of Audience, located in the Red Fort of Delhi was where the Mughal emperor Shah Jahan (1628-1658) and his successors received members of the general public and heard their grievances.The inner main court to which the Nakkar Khana led was 540 feet broad, 420 feet deep, and surrounded by arcade galleries, where chieftains (umaras) on duty were posted.",Diwan-i-Am (Red Fort),http://en.wikipedia.org/wiki/Diwan-i-Am_(Red_Fort)
685992307,false,finalized,3,3/8/2015 04:37:49,"none of these categories
historic place
Site of Special Scientific Interest","

","emperor

",,0,,"The Khas Mahal served as the Mughal emperor's private residence in Delhi. The structure is located inside the Red Fort, which is a large fort complex located inside the city.It consists of three parts: the Chamber of Telling Beads (Viz-tasbih-khana), the sleeping chamber, (khwabgah) and the wardrobe (tosha-khana) or sitting room (baithak). The interior is decorated with carved white marble painted with colourful floral decorations. The ceiling was also partially gilded.",Khas Mahal (Red Fort),http://en.wikipedia.org/wiki/Khas_Mahal_(Red_Fort)
685992308,false,finalized,3,3/8/2015 05:16:54,"none of these categories
none of these categories
natural place","

","dam
dam
",,0,,"The Mazum Dam is located near Modasa, Gujarat in India. it is built on small river called Mazum which may the reason it has been named as Mazum dam. it is located in Sabarkantha District of Gujarat near Modasa town. it is about 9 km away from modasa. This dam supplies water, allowing farmers to harvest their crops and is also used when nearby towns are running out of water.",Mazum reservoir,http://en.wikipedia.org/wiki/Mazum_reservoir
685992309,false,finalized,5,3/8/2015 05:28:35,"person
person
person
person
person","205
205


","



",,0,,"Manaji Rao Scindia Bahadur (? - af.1777) was the Maharaja Scindia of Gwalior (r.1764 - 1768).He was grandson of Sardar Sabaji Scindia. He was recognised by the Peshwa as the Sardar of the Scindias on 10 July 1764, and succeeded by Mahadaji Scindia on 18 January 1768.",Manaji Rao Scindia,http://en.wikipedia.org/wiki/Manaji_Rao_Scindia
685992310,false,finalized,3,3/8/2015 04:30:26,"aircraft
spacecraft
spacecraft","

","

spacecraft",,0,,"The Apollo Lunar Module (LM), also (and originally) known as the Lunar Excursion Module (LEM), was the lander portion of the Apollo spacecraft built for the US Apollo program by Grumman to carry a crew of two from lunar orbit to the surface and back.",Apollo Lunar Module,http://en.wikipedia.org/wiki/Apollo_Lunar_Module
685992311,false,finalized,3,3/8/2015 05:50:13,"none of these categories
organisation
organisation","90000

","group

",,0,,"The Armed Islamic Group (GIA, al-Jama'ah al-Islamiyah al-Musallaha, from French Groupe Islamique Armé; Arabic الجماعة الإسلامية المسلّحة ) is an Islamist organisation that wants to overthrow the Algerian government and replace it with an Islamic state. The GIA adopted violent tactics in 1992 after the military government voided the victory of the Islamic Salvation Front, the largest Islamic opposition party, in the first round of legislative elections held in December 1991.",Armed Islamic Group of Algeria,http://en.wikipedia.org/wiki/Armed_Islamic_Group_of_Algeria
685992312,false,finalized,3,3/8/2015 05:15:04,"television show
none of these categories
none of these categories","514
90000
","
channel
Atómica TV",,0,,Atomic TV was a channel launched in 1997 in Romania. It originated in music and music videos. It was closed in 2000 and was replaced by MTV Romania.,Atomic TV,http://en.wikipedia.org/wiki/Atomic_TV
685992313,false,finalized,3,3/8/2015 05:17:28,"person
person
person","205
205
","

",,0,,"For other uses, see AzoAzo (Georgian: აზო) or Azoy (Georgian: აზოჲ) also known as Azon (აზონი) was a legendary ruler of Georgians of ancient Kartli (Iberia of the Classical authors) claimed by medieval Georgian annals to have been installed by Alexander the Great, king of Macedon (r. 336–323 BC).",Azo of Iberia,http://en.wikipedia.org/wiki/Azo_of_Iberia
685992314,false,finalized,6,3/8/2015 05:30:47,"person
none of these categories
none of these categories
none of these categories
none of these categories
none of these categories","205
90000
90000


","
Description of a word

Word
term
el término honorífico persa Baba",,0,,"Baba (Persian: ‎: بابا, Urdu: ‎, Pashto: ‎; Sanskrit, Punjabi, Bengali, Hindi and Marathi: बाबा; father; grandfather; wise old man; sir,) is a Persian honorific term used in several West and South Asian cultures.",Baba (honorific),http://en.wikipedia.org/wiki/Baba_(honorific)
685992315,false,finalized,3,3/8/2015 05:06:35,"none of these categories
none of these categories
none of these categories","
90000
90000","sign of respect towards men
Description
title",,0,,"The term babu, also spelled baboo, is used in modern-day South Asia as a sign of respect towards men. It is a derivation of bapu which means father or grand father. The honorific ""ji"" is sometimes added as a suffix to create the double honorific ""babuji"" which, in northern and eastern parts of India, is a term of respect for one's father. ""Babuji"" can also be used as a term of respect for any respected elder or man.",Babu (title),http://en.wikipedia.org/wiki/Babu_(title)
685992316,false,finalized,5,3/8/2015 05:27:06,"eukaryote
organisation
populated place
person
none of these categories","

414
205
","



community",,0,,The Boto or Bot people are a community found in Jammu and Kashmir.,Boto people,http://en.wikipedia.org/wiki/Boto_people
685992317,false,finalized,4,3/8/2015 05:13:39,"organisation
organisation
none of these categories
organisation","204
204
90000
","
conference
conference
",,0,,"The East Coast Conference (ECC) is a collegiate athletic conference affiliated with the National Collegiate Athletic Association (NCAA)'s Division II. Member institutions are located in the northeastern United States in the states of Connecticut and New York, as well as the District of Columbia.",East Coast Conference,http://en.wikipedia.org/wiki/East_Coast_Conference
685992318,false,finalized,3,3/8/2015 04:35:31,"automobile engine
none of these categories
automobile engine","

301","
engine
",,0,,The Ford Kent is an internal combustion engine from British Ford.,Ford Kent engine,http://en.wikipedia.org/wiki/Ford_Kent_engine
685992319,false,finalized,3,3/8/2015 05:21:11,"sport facility
organisation
organisation","419
204
","

",,0,,The Indian Hockey Federation [1] was the Indian branch of the International Hockey Federation.,Indian Hockey Federation,http://en.wikipedia.org/wiki/Indian_Hockey_Federation
685992320,false,finalized,3,3/8/2015 05:21:11,"sport facility
organisation
organisation","419
204
","

",,0,,"Founded in 1912, the Middle Atlantic Conferences (MAC) is an umbrella organization of three athletic conferences which competes in the NCAA's Division III. The 18-member teams are located in the Mid-Atlantic United States.The organization is divided into two main conferences: the Commonwealth Conference and the Freedom Conference.",Middle Atlantic Conferences,http://en.wikipedia.org/wiki/Middle_Atlantic_Conferences
685992321,false,finalized,4,3/8/2015 04:54:21,"none of these categories
eukaryote
person
eukaryote","90000
603
205
603","animal

terorrist
",,0,,"Osama bin Laden, locally named after the infamous elusive terrorist, was a rogue bull elephant responsible for at least 27 deaths and destruction of property in the jungled Sonitpur district of the Indian state of Assam. After a two-year rampage from 2004 to 2006, an elephant was eventually shot; but some were doubtful that the right animal was killed.",Osama bin Laden (elephant),http://en.wikipedia.org/wiki/Osama_bin_Laden_(elephant)
685992322,false,finalized,6,3/8/2015 05:23:48,"none of these categories
societal event
societal event
organisation
country seat
none of these categories","

703
204
406
","people



history  This article is about the Patriots in the American Revolution. For other uses, see Patriota (disambiguation).  The Spirit of '76, originally titled Yankee Doodle, painted by Archibald Willard late nineteenth century, an iconic image on the patriotic sentiment surrounding the American Revolutionary War Patriots (also known as rebels, revolutionaries, continental or American Whigs) were those settlers from the Thirteen Colonies that revolted violently against British rule during the American Revolution and in July 1776 declared the United States an independent nation. Their rebellion is based on the political philosophy of republicanism, as expressed by the speakers, as Thomas Jefferson, John Adams and Thomas Paine.  As a group, Patriots represented a wide range of social, economic and ethnic backgrounds. Including lawyers like John Adams and Alexander Hamilton; planters like Thomas Jefferson and George Mason; merchants like Alexander McDougall and ordinary farmers like Daniel Shays and Joseph Plumb Martin.
",,0,,"Patriots (also known as Rebels, Revolutionaries, Congress-Men, or American Whigs) were those colonists of the Thirteen Colonies who violently rebelled against British control during the American Revolution and in July 1776 declared the United States of America an independent nation.",Patriot (American Revolution),http://en.wikipedia.org/wiki/Patriot_(American_Revolution)
685992323,false,finalized,4,3/8/2015 04:54:21,"organisation
organisation
organisation
organisation","204
204
204
204","

company
",,0,,"The Plymouth Company was an English joint stock company founded in 1606 by James I of England with the purpose of establishing settlements on the coast of North America.The merchants offered a en economical agreement to the settlers, where the merchants agreed to finance their trip and in return the settlers would have to repay their trip, through the profits made, with interest.The company thus fell into disuse and in 1609.In 1620, after years of disuse, the company was revived and reorganized as the Plymouth Council for New England. ",Plymouth Company,http://en.wikipedia.org/wiki/Plymouth_Company
685992324,false,finalized,3,3/8/2015 04:35:31,"none of these categories
none of these categories
none of these categories","

90000","rural development
rural|development|program
services",,0,,"Rural Infrastructure Service Commons (RISC) is a strategy for rural development in India proposed in 2002 by Vinod Khosla and Atanu Dey.RISC proposes the establishment of rural hubs with established infrastructure and fee-based user services that would be sustained by patronage from surrounding villages, accessible by bicycle. Each hub would provide economic opportunities for India's rural population and the potential to seed a larger urban center.",Rural Infrastructure Service Commons,http://en.wikipedia.org/wiki/Rural_Infrastructure_Service_Commons
685992328,false,finalized,3,3/8/2015 04:37:49,"none of these categories
country seat
none of these categories","

","revenue|division|district

revenue|division",,0,,"Ariyalur division is a revenue division in the Ariyalur district of Tamil Nadu, India.",Ariyalur division,http://en.wikipedia.org/wiki/Ariyalur_division
685992329,true,golden,51,"","person
person
person
person
person
person
person
person
person
person
person
person
person
person
person
person
person
person
person
none of these categories
person
person
person
person
person
person
person
person
person
person
person
person
person
person
person
person
person
person
person
person
person
person
person
person
person
written work
person
person
person
person
person","
































205


205
205
205
205
205
205

205
205


205


","
















David Yelland (born 14 May 1963) is a British writer, a former journalist and editor of The Sun and a partner at Brunswick Group LLP, a global financial public relations and communications company in London.[1]

journalist

















person


journalist


journalist






",,0,"person
person
none of these categories
person","David Yelland (born 14 May 1963) is a British writer, a former journalist and editor of The Sun and a partner at Brunswick Group LLP, a global financial public relations and communications company in London. He regularly appears on radio and television.",David Yelland (journalist),http://en.wikipedia.org/wiki/David_Yelland_(journalist)
685992332,true,golden,42,"","person
person
person
person
person
person
person
person
person
person
person
person
person
person
person
none of these categories
person
person
person
person
person
employer
person
person
person
person
person
person
person
person
person
person
organisation
person
person
person
person
person
person
person
none of these categories
person","
































205
205
205

205



","














people















person



governor

biography  Fellner was born in Río Tercero, Córdoba, and raised in Villa Palpalá, Province of Jujuy, where his father had found work in the steel mill Zapla, the largest and oldest country. The young Fellner later moved to Tucumán, where he earned a doctorate in law from the University of Saint Thomas Aquinas North. He returned to Jujuy in 1983, and was appointed Attorney General of the province, after he became district attorney. [1]  The Secretary of Industry, Juan Schiaretti, called Fellner his Cabinet Minister during President Carlos Menem 1993 's the Federal intervention decree on the governorship in Santiago del Estero. Fellner returned to Jujuy and was elected to the Provincial Legislature. Serving as president of the organization for 1998, we first assumed the post of governor of the resignation of Governor Carlos Ferraro. [1]  Fellner was elected in his own right in 1999 and re-elected in 2003. He became the national leader of the Justicialist Party in 2004, the chair of the national council. He resigned the same year, however, amid the aftermath of a dispute between Kirchner (supporters of former President Néstor Kirchner), who Fellner was loyal, and leaders of the provincial parties.  Fellner provincial tried to change the constitution before the 2007 election so that he could stand for re-election to a third full term. [2] He later ran for election to the Chamber of Deputies of Argentina, and was inaugurated in December 2007. Fellner was elected as Speaker of the House, and was the second president of the camera so that it is not the province Buenos Aires; was reelected to office in 2009


politician
",,0,"person
none of these categories","Eduardo Alfredo Fellner (born June 16, 1954) is an Argentine Justicialist Party (PJ) politician, currently President of the Argentine Chamber of Deputies and until 2007 governor of Jujuy Province.",Eduardo Fellner,http://en.wikipedia.org/wiki/Eduardo_Fellner
685992334,true,golden,42,"","historic place
historic place
historic place
populated place
populated place
none of these categories
historic place
historic place
none of these categories
populated place
populated place
historic place
historic place
historic place
historic place
none of these categories
populated place
none of these categories
populated place
none of these categories
populated place
Site of Special Scientific Interest
historic place
historic place
historic place
historic place
historic place
historic place
populated place
populated place
populated place
historic place
populated place
historic place
populated place
populated place
populated place
historic place
historic place
historic place
historic place
Site of Special Scientific Interest","

































414
414
414
408
408


","




region


City






Aalsum is a small hamlet in the Dutch province of Groningen. It is located in the municipality of Zuidhorn, about 1.5 km west of Oldehove.[1]

hamlet

place/hamlet





















",,0,"historic place
populated place
none of these categories","Aalsum is a small hamlet in the Dutch province of Groningen. It is located in the municipality of Zuidhorn, about 1.5 km west of Oldehove.The hamlet was located on a wierde, an artificial dwelling hill. The hill was partially excavated in the 20th century; a bow from the ninth century was found. Plans to reconstruct the hill were canceled.According to the 19th-century historian A.J.","Aalsum, Groningen","http://en.wikipedia.org/wiki/Aalsum,_Groningen"
685992335,true,golden,38,"","organisation
organisation
organisation
organisation
none of these categories
none of these categories
organisation
aircraft
aircraft
person
none of these categories
organisation
organisation
organisation
none of these categories
organisation
organisation
organisation
organisation
organisation
none of these categories
none of these categories
organisation
none of these categories
organisation
organisation
none of these categories
organisation
none of these categories
none of these categories
none of these categories
aircraft
aircraft
organisation
organisation
organisation
aircraft
organisation","




























90000

20c

204
204


","



armed force
History




squadron



security





Militar|Escuadrón de Combate de la II Guerra Mundial
unit

Military Unit


military

military unit
military
air force unit

Military Group-AirForce




",,0,"organisation
none of these categories","6 Squadron was a South African Air Force unit first formed just before World War II. It was disbanded and re-created a number of times, until finally disbanded in October 1990.The squadron was formed in Cape Town in April 1939 and was equipped with Westland Wapiti IIIs. Initial duties at the outbreak of war was that of anti-submarine coastal patrols from Youngsfield as part of Coastal Command. In February 1940, the unit was moved to Waterkloof and renumbered 1 Squadron.",6 Squadron SAAF,http://en.wikipedia.org/wiki/6_Squadron_SAAF
685992336,true,golden,34,"","historic place
none of these categories
organisation
societal event
none of these categories
none of these categories
organisation
none of these categories
none of these categories
none of these categories
none of these categories
none of these categories
none of these categories
none of these categories
none of these categories
populated place
populated place
none of these categories
organisation
organisation
organisation
historic place
none of these categories
organisation
organisation
historic place
organisation
natural place
none of these categories
organisation
organisation
organisation
Site of Special Scientific Interest
historic place","

























204
412
90000




","
School


SCHOOL
day school

College
educational institution
college
College
school
school
school
school


school




school





place of learning
school



",,0,"organisation
none of these categories","Brigidine College Randwick is a systemic Roman Catholic, secondary, day school for girls, located in Randwick, a south-eastern suburb of Sydney, New South Wales, Australia.",Brigidine College Randwick,http://en.wikipedia.org/wiki/Brigidine_College_Randwick
685992337,true,golden,40,"","musical work
musical work
musical work
musical work
musical work
musical work
musical work
musical work
musical work
musical work
musical work
person
musical work
person
musical work
musical work
musical work
musical work
none of these categories
none of these categories
none of these categories
musical work
musical work
musical work
person
musical work
musical work
musical work
none of these categories
musical work
musical work
musical work
musical work
musical work
musical work
none of these categories
musical work
musical work
musical work
musical work","



























90000
509
509

509






","
Arnel Pineda is the first studio album by vocalist Arnel Pineda











vocalist|singer




MUSICIAN
music album
music|album|artwork







music






album



",,0,"musical work
none of these categories","Arnel Pineda is the first studio album by vocalist Arnel Pineda, several years before he became the lead singer of Journey (former lead singer of The Zoo). Released in 1999 on the Warner Bros. record label, the album was a success in the Philippines where two singles achieved radio play: ""Iiyak Ka Rin"" and ""Sayang"". The album was re-released on iTunes for download (catalog no. 398429923-4).",Arnel Pineda (album),http://en.wikipedia.org/wiki/Arnel_Pineda_(album)
685992338,true,golden,40,"","none of these categories
none of these categories
none of these categories
none of these categories
natural event
none of these categories
none of these categories
none of these categories
none of these categories
eukaryote
natural place
none of these categories
none of these categories
none of these categories
natural place
life cycle event
eukaryote
none of these categories
eukaryote
planet
none of these categories
none of these categories
none of these categories
none of these categories
eukaryote
none of these categories
none of these categories
garden
eukaryote
garden
planet
none of these categories
eukaryote
none of these categories
none of these categories
none of these categories
eukaryote
none of these categories
none of these categories
eukaryote","


























407
603
407
904
90000
603
90000





","plant
Plants
nature world
category should be about plants

plant
plant
Plants
plant

plant
plant
plants
Flora of South Africa
plant


plant


plants
The genus Ixia includes the following species
genus
genus plants

plant
type of plant


garden

plant

plantas nativas
related to farming
plants

a plant
plant
",,0,"none of these categories
eukaryote","The genus Ixia consists of a number of cormous plants native to South Africa from the Iridaceae family and Ixioideae subfamily. Some of them are known as the corn lily. Some distinctive traits include: sword-like leaves, and long wiry stems with star-shaped flowers. It usually prefers well-drained soil. The popular corn lily has specific, not very intense fragrance as vegetables. That is why it's often visited by many insects such as bees.",Ixia,http://en.wikipedia.org/wiki/Ixia
685992339,true,golden,51,"","archaea
eukaryote
none of these categories
eukaryote
none of these categories
none of these categories
none of these categories
none of these categories
eukaryote
archaea
eukaryote
archaea
none of these categories
eukaryote
eukaryote
archaea
bacteria
none of these categories
eukaryote
eukaryote
none of these categories
eukaryote
none of these categories
none of these categories
none of these categories
none of these categories
eukaryote
eukaryote
eukaryote
eukaryote
eukaryote
none of these categories
eukaryote
none of these categories
none of these categories
none of these categories
archaea
eukaryote
eukaryote
none of these categories
none of these categories
eukaryote
none of these categories
none of these categories
none of these categories
eukaryote
eukaryote
none of these categories
eukaryote
eukaryote
eukaryote","

































90000
90000
601
603
603
90000
90000









","

animal genus

Lycaena

butterfly
category should be about insects or animals




Buterfly




insects


Genus->Lycaena

animal
invertebrate animals
animals - flies
animal





insect

Species-Butterfly

species



Insecta
insects

butterfly
butterfly place
butterflies


an insect


",,0,"none of these categories
eukaryote","Lycaena is a butterfly genus with a world-wide range. It is commonly divided into several subgenera, such as Antipodolycaena. Many formerly independent genera are now subsumed within Lycaena; the genus Gaiedes may also belong here.[citation needed]",Lycaena,http://en.wikipedia.org/wiki/Lycaena
685992340,true,golden,52,"","none of these categories
none of these categories
none of these categories
none of these categories
none of these categories
none of these categories
none of these categories
none of these categories
none of these categories
none of these categories
none of these categories
none of these categories
none of these categories
none of these categories
none of these categories
none of these categories
none of these categories
none of these categories
none of these categories
none of these categories
none of these categories
bacteria
none of these categories
none of these categories
none of these categories
none of these categories
none of these categories
none of these categories
none of these categories
none of these categories
none of these categories
none of these categories
none of these categories
none of these categories
none of these categories
life cycle event
none of these categories
archaea
none of these categories
none of these categories
none of these categories
none of these categories
none of these categories
none of these categories
life cycle event
none of these categories
none of these categories
none of these categories
none of these categories
none of these categories
none of these categories
none of these categories","





























90000


90000
90000
701
90000

90000
90000
90000










","disease
Syndromes
disease|medical|illness
health
Disease
disease
syndrome
syndrome
Disease
illness
Diseases of the eye
disease
disease
disease
disease
disease
diseases
syndrome
disease
syndrome
Human Health - Diseases

disease
disease
Health Disorder
disease
human disorder
disease
Cogan syndrome
syndrom of eye disorder
disease
Cogan's syndrome (CS) is characterized by the Association of syphilitic interstitial keratitis no campaign Symptoms And audiovestibular (SIMILAR to Meniere's syndrome). Flowers occur atypically with ocular manifestations and Varied audiovestibular, Asi As with Associated Systemic manifestations. Its name derives from the author of that described for the first time. Affects one adult Both Genders, with Media Age 30 years. The prevalence esta Augmented in caucasica ethnicity. The pathogenesis of this syndrome is unknown, but probably the result of an autoimmune mechanism triggered by a sea infection. Diagnosis is mainly clinical, Using the criteria established by Haynes et al. in 1980 the section ""SC typical"" and ""atypical SC"". Is needed to establish the differential diagnosis with other systemic diseases present with manifestations SIMILAR That eye and inner ear. The course is variable, being the cophosis A Common Complication. Early and maintained Treatment is based on De A good development
disease
Cogan syndrome|disorder

health - Realted to eye problems


is a disease
Síndrome de Cogan
disease
syndrome
disease|disorder
Disorder


body disease
health
Health
recurrent inflammation of the front of the eye called Cogan syndrome
disease/eye disorder
health",,0,none of these categories,"Cogan syndrome is a rare disorder characterized by recurrent inflammation of the front of the eye (the cornea) and often fever, fatigue, and weight loss, episodes of dizziness, and hearing loss. It can lead to deafness or blindness if untreated. The classic form of the disease was first described by D.G. Cogan in 1945.",Cogan syndrome,http://en.wikipedia.org/wiki/Cogan_syndrome
685992341,true,golden,40,"","automobile
sport
societal event
sport
motorsport season
sport
societal event
motorsport season
automobile
motorsport season
sport
societal event
automobile
World Heritage Site
sport
sport
sport
sport
automobile
societal event
societal event
motorsport season
historic place
motorsport season
sport
sport
societal event
sport
motorsport season
motorsport season
sport
life cycle event
motorsport season
societal event
sport
motorsport season
sport
motorsport season
sport
sport","































11a
703





","


The Targa Florio was an open road endurance automobile race held in the mountains of Sicily near Palermo



































",,0,"societal event
sport
none of these categories","The Targa Florio was an open road endurance automobile race held in the mountains of Sicily near Palermo. Founded in 1906, it was the oldest sports car racing event, part of the World Sportscar Championship between 1955 and 1973.",Targa Florio,http://en.wikipedia.org/wiki/Targa_Florio
685992342,true,golden,42,"","asteroid
asteroid
asteroid
asteroid
asteroid
asteroid
asteroid
asteroid
asteroid
asteroid
asteroid
asteroid
asteroid
asteroid
asteroid
asteroid
asteroid
asteroid
asteroid
asteroid
asteroid
asteroid
asteroid
asteroid
asteroid
asteroid
asteroid
asteroid
asteroid
asteroid
asteroid
asteroid
asteroid
asteroid
asteroid
asteroid
asteroid
asteroid
asteroid
asteroid
asteroid
asteroid","
































901
901
901

901
901


","








































",,0,"asteroid
asteroid
none of these categories","12280 Reims (1990 WS4) is a main-belt asteroid discovered on November 16, 1990 by E. W. Elst at the European Southern Observatory.",12280 Reims,http://en.wikipedia.org/wiki/12280_Reims
685992343,true,golden,54,"","natural event
natural event
natural event
natural event
natural event
natural event
natural event
star
natural event
natural event
natural event
natural event
natural event
natural event
natural event
natural event
natural event
natural event
natural event
natural event
natural event
natural event
natural event
natural event
natural event
natural event
galaxy
natural event
planet
natural event
natural event
natural event
natural event
life cycle event
natural event
natural event
natural event
natural event
natural event
natural event
natural event
natural event
natural event
natural event
natural event
natural event
natural event
planet
none of these categories
natural event
planet
natural event
natural event
natural event","







































702
702
702
702
702
702
702
904
90000
702
904


","















































eclipse solar total




",,0,"natural event
none of these categories","A total solar eclipse will occur on September 26, 2117. A solar eclipse occurs when the Moon passes between Earth and the Sun, thereby totally or partly obscuring the image of the Sun for a viewer on Earth. A total solar eclipse occurs when the Moon's apparent diameter is larger than the Sun, blocking all direct sunlight, turning day into darkness.","Solar eclipse of September 26, 2117","http://en.wikipedia.org/wiki/Solar_eclipse_of_September_26,_2117"
685992344,true,golden,48,"","game
game
game
game
game
game
game
game
game
game
game
game
game
game
game
game
game
game
game
none of these categories
game
game
game
game
game
game
game
game
game
game
game
game
none of these categories
game
game
game
game
game
game
game
game
game
game
game
game
game
game
game","





































101

101
101
101
101
101
101

","


Headache is a board game similar to Trouble in which the object is to land a playing piece on top of all opponents' pieces














Headache is a board game similar to Trouble in which the object is to land a playing piece on top of all opponents' pieces (known as ""cones"").
game












GAMES














",,0,"game
none of these categories","Headache is a board game similar to Trouble in which the object is to land a playing piece on top of all opponents' pieces (known as ""cones""). The game is distinct from Trouble in that there is no finish the player must reach. Play moves in circles, until only one player has cones remaining on the board, being declared the winner.",Headache (game),http://en.wikipedia.org/wiki/Headache_(game)
685992345,true,golden,51,"","game
game
game
game
game
game
none of these categories
game
none of these categories
game
game
game
game
game
game
game
game
game
game
game
game
game
game
game
game
game
game
game
game
game
game
game
game
game
game
game
game
game
game
game
game
game
game
game
sport
game
game
game
game
game
game","






































101
101
101
101
101
102





","





work of entertanment

game









































",,0,"game
none of these categories","Junta is a board game designed by Vincent Tsao originally published by Capri in 1975, and later published, as of 1985, by West End Games. Players compete as the corrupt power elite families of a fictional parody of a stereotypical banana republic (specifically Republica de los Bananas) trying to get as much money as possible into their Swiss bank accounts before the foreign aid money runs out.",Junta (game),http://en.wikipedia.org/wiki/Junta_(game)
