_unit_id,_unit_state,_trusted_judgments,_last_judgment_at,category,category:confidence,new_category_if_other,c1,c2,c3,category_gold,entity_desc,entity_title,link
686093130,finalized,3,3/8/2015 14:49:29,treatise,0.73,"",treatise,history,person,,Vaṭeśvara-siddhānta was a mathematical and astronomical treatise written by Vaṭeśvara in India in 904 CE. This treatise contains fifteen chapters on astronomy and applied mathematics.,Vaṭeśvara-siddhānta,http://en.wikipedia.org/wiki/Vaṭeśvara-siddhānta
686093131,finalized,3,3/8/2015 15:54:01,team sport,0.7064,"",football,sport,team sport,,The following are the results and details of the Derry senior Gaelic football team's competitive games in 2007. Details of the 2007 Derry club competitions are also shown.,2007 Derry Gaelic football season,http://en.wikipedia.org/wiki/2007_Derry_Gaelic_football_season
686093132,finalized,3,3/8/2015 15:00:23,person,0.4103,imam,islamic religious leaders,sculpture,person,,"The Shahi Imam is the Imam of Delhi's Jama Masjid, Mughal emperor Shahjahan appointed Syed Abdul Ghafoor Shah Bukhari to the high office of Imamat-e-Uzma, and conferred upon him the title of Shahi Imam.",Shahi Imam,http://en.wikipedia.org/wiki/Shahi_Imam
686093133,finalized,3,3/8/2015 15:54:01,sports season,1.0,"",football,xz,sports season,,"The 1996–97 Ligue 1 season (then known as Division 1) was the 60th since its establishment. AS Monaco won the French Association Football League with 79 points. Four teams were relegated to Second division and only two were promoted because in 1997–1998, only 18 would participate the championship.",1996–97 French Division 1,http://en.wikipedia.org/wiki/1996–97_French_Division_1
686093134,finalized,3,3/8/2015 14:20:58,education,0.7477,"",education,zx,state,,"The smallest state in India, Goa covers an area of 3,702 km2. Situated on the western coast of India, Goa shares its northern boundary with Maharashtra. Karnataka covers the eastern and southern boundary of the state. Panaji is the capital city of the state of Goa. One of the major tourist destinations in India, Goa also houses some of the best educational institutes of the nation. The scenario of education here is comparatively better than many other states of the nation.",Education in Goa,http://en.wikipedia.org/wiki/Education_in_Goa
686093135,finalized,3,3/8/2015 14:46:51,village,0.6458,"",village,place,social science - history,,"Kumirkola is a small village residing on the banks of the Damodar river, which flows through the heart of Burdwan district of West Bengal in India. It has a population of about 1737 persons living in 339 households.The name Kumirkola is probably derived from two Bengali words ""Kumir"" and ""khola"", indicating a crocodile and a rough surface.",Kumirkola,http://en.wikipedia.org/wiki/Kumirkola
686093136,finalized,3,3/8/2015 14:57:06,league,0.3983,"",football,ligue 1 seasons,league,,Olympique de Marseille won Division 1 season 1971/1972 of the French Association Football League with 56 points.,1971–72 French Division 1,http://en.wikipedia.org/wiki/1971–72_French_Division_1
686093137,finalized,3,3/8/2015 15:22:18,person,0.6356,"",person,governor,politician,,Tughral Tughan Khan (also known as Mughisuddin Tughral) ruled Bengal during 1236-1246 CE and again during 1272-1281 CE. He was also a governor of Bihar and Oudh.,Tughral Tughan Khan,http://en.wikipedia.org/wiki/Tughral_Tughan_Khan
686093138,finalized,3,3/8/2015 14:48:14,malnutrition,1.0,"",malnutrition,hunger,undernourished,,"This article refers to the situation of malnutrition in the Indian state of Kerala.According to the India State Hunger Index published by the International Food Policy Research Institute, the severity of hunger and malnutrition in Kerala is the second lowest in India, and is considered to be ""serious"".",Malnutrition in Kerala,http://en.wikipedia.org/wiki/Malnutrition_in_Kerala
686093139,finalized,3,3/8/2015 15:05:20,football,0.6494,"",football,sport,1985 in english sport,,The 1985–86 season was the 106th season of competitive football in England.,1985–86 in English football,http://en.wikipedia.org/wiki/1985–86_in_English_football
686093140,finalized,3,3/8/2015 14:23:40,senior rank in the income tax department in india,1.0,"",government,tax officials,senior rank in the income tax department in india,,"The Chief Commissioner of Income Tax or ""Director General of Income Tax"" is a senior rank in the Income Tax Department in India. Chief Commissioners are in charge of operations of the department with in a region which is usually overlapping with the territory of a state. Depending on the region their numbers vary from 23(like in Maharashtra) and 3(Karnataka). They are chosen from the Indian Revenue Service and usually after serving in the Government for a period of 30 years.",Chief Commissioner of Income Tax,http://en.wikipedia.org/wiki/Chief_Commissioner_of_Income_Tax
686093141,finalized,3,3/8/2015 14:20:48,projects undertaken,0.3871,"",project,projects undertaken,pipeline,,"The Mumbai Manmad Bijwasan Pipeline (MMBPL) was one of the most ambitious projects undertaken by Bharat Petroleum Corporation Limited. The project commenced in mid-1998 and involved the laying of a 168 km long petroleum product pipeline from Mumbai on the Arabian sea coast to Manmad, near Nashik, located in North-Eastern Maharashtra. Subsequently, by March 2007, the pipeline was extended from Manmad to Bijwasan near New Delhi's Indira Gandhi International Airport.",Mumbai–Manmad Pipeline,http://en.wikipedia.org/wiki/Mumbai–Manmad_Pipeline
686093142,finalized,3,3/8/2015 14:23:40,mall,1.0,"",mall,square,history,,"The Pinnacle Mall is a large mixed used development in the city of Nasik, Maharashtra, South West India. It is a 300,000 square feet (28,000 m2) development on the Trimbak road square at the junction of the old Mumbai and Trimbakeshwar expressway. It is being developed by the Atal Buildcon company. It was inaugurated on 16 July 2011.Pantaloon will be the major tenant.",Pinnacle Mall,http://en.wikipedia.org/wiki/Pinnacle_Mall
686093143,finalized,3,3/8/2015 14:49:29,revenue blocks in tiruvannamalai district,0.73,"",revenue blocks in tiruvannamalai district,india,tamil nadu geography stubs,,"Thurinjapuram block is a revenue block in the Tiruvannamalai district of Tamil Nadu, India. It contains a total of 47 panchayat villages.",Thurinjapuram block,http://en.wikipedia.org/wiki/Thurinjapuram_block
686093144,finalized,3,3/8/2015 14:21:21,charity,0.7311,"",education,charity,organization,,SukhSagar International Educational & Charitable Trust (Regi) was founded by Dr. Raman Sukhsagar ji to promote quality education to poor aspirants and others. It is situated in Western Uttar Pradesh in India close to the National Capital Region Delhi.,SukhSagar International Educational & Charitable Trust,http://en.wikipedia.org/wiki/SukhSagar_International_Educational_&_Charitable_Trust
686093145,finalized,3,3/8/2015 14:23:40,name,1.0,"",name,swetang,znanstvenik,,Swetang is an Indian originated name. Shwetang/Shvetang/Swetang all are the synonym of the name. Swetang is one of name given to great lord Ganesha. Swetang means someone with white skin.,Swetang,http://en.wikipedia.org/wiki/Swetang
686093146,finalized,3,3/8/2015 14:20:25,pearls,1.0,"",pearls,village,skill,,"In the village of Chandanpet just outside Hyderabad, almost the entire population is engaged in the delicate art of drilling pearls. A skill they have practiced for generations, making Hyderabad one of the largest drilling centres in India.",Hyderabad Pearls,http://en.wikipedia.org/wiki/Hyderabad_Pearls
686093147,finalized,3,3/8/2015 15:05:20,king,0.7247,"",king,sculpture,regime,,"Wu Yi (Chinese: 武乙) was king of the Shang Dynasty of ancient China from 1147 to 1112 BC. His given name was Qu (瞿). According to the Bamboo Annals, his capital was at Yin. He was a son of his predecessor Geng Ding and father of King Wen Ding.In the 21st year of his reign, the Zhou leader Koufu (口父) died.In the 24th year of the regime of Wu Yi, Zhou attacked Cheng (程) at Bi (毕) and defeated Bi.In the 30th year, Zhou attacked Yiqu (义渠) and captured the king of Yiqu.",Wu Yi of Shang,http://en.wikipedia.org/wiki/Wu_Yi_of_Shang
686093148,finalized,3,3/8/2015 14:48:14,iso 8601,1.0,"",iso 8601,india,school,,ISO 8601 has been adopted as BIS IS 7900:2001 (Data elements and interchange formats – Information interchange – Representation of dates and times - first revision),Date and time notation in India,http://en.wikipedia.org/wiki/Date_and_time_notation_in_India
686093149,finalized,3,3/8/2015 15:00:23,baseball team,1.0,"",baseball,sports,baseball team,,"The Georgia Southern Eagles baseball team is the intercollegiate baseball team representing Georgia Southern University. It began in 1933. The program competes in NCAA Division I. The team is led by head coach Rodney Hennon, who is in his 11th year at Georgia Southern. The Eagles are part of the Southern Conference (SoCon).",Georgia Southern Eagles baseball,http://en.wikipedia.org/wiki/Georgia_Southern_Eagles_baseball
686093150,finalized,3,3/8/2015 15:22:18,laboratory,1.0,"",technology,laboratory,research organization,,"IBM India Research Laboratory (IRL) is one of IBM's eight major worldwide research laboratories. It was established in 1998 in Delhi, India.Some of the aims of the laboratory are to develop solutions for digital data, computers and mobile phones.The research areas of the lab are Mobile Enabled Emerging Solutions: Developing industry-specific solutions and helping bridge the digital divide through innovative technologies.",IBM India Research Laboratory,http://en.wikipedia.org/wiki/IBM_India_Research_Laboratory
686093151,finalized,3,3/8/2015 14:34:40,novel,0.3934,"",place,novel,the marabar caves,,"The Marabar Caves are fictional caves in the novel A Passage to India and the film of the same name. The caves are based on the real life Barabar Caves located in the Jehanabad District of Bihar, India. They serve as an important plot location and motif in the novel. Key features of the caves are the glass smooth walls and a peculiar resonant echo magnifying any sound made in the caves.Among many others, the main characters, Mrs. Moore, Adela Quested, and Dr.",Marabar Caves,http://en.wikipedia.org/wiki/Marabar_Caves
686093152,finalized,3,3/8/2015 14:48:14,sufi saint,1.0,"",saint,town,sufi saint,,"Muhammad Qasim Sadiq, also known as Baba Ji Sarkar (1842? - November 21, 1943) was a Sufi saint who died at the town of Mohra Sharif, near the hill station Murree, now located in Pakistan. His urs is held at this location.",Muhammad Qasim Sadiq,http://en.wikipedia.org/wiki/Muhammad_Qasim_Sadiq
686093153,finalized,3,3/8/2015 14:57:06,season,0.7344,"",soccer,sport,season,,"The 2013 Brooklyn Italians season will be the club's 65th season of existence, and their third consecutive season in the National Premier Soccer League, the fourth division of both the American and Canadian soccer pyramids.",2013 Brooklyn Italians season,http://en.wikipedia.org/wiki/2013_Brooklyn_Italians_season
686093154,finalized,3,3/8/2015 14:19:26,history,0.75,"",history,representative,indian,,"Historically, a Kapitan Keling was a representative of the Indian community in a South East Asian city, similar to the more widespread office of the ""Kapitan Cina"" for the Chinese community. ""Keling"" is a Malay term for people of Indian origin, nowadays considered offensive but was not so regarded historically.Cauder Mohideen was the first Kapitan Keling of Penang.",Kapitan Keling,http://en.wikipedia.org/wiki/Kapitan_Keling
686093155,finalized,3,3/8/2015 14:24:08,sex scandals,1.0,"",scandal,video,sex scandals,,"The Nityananda sex scandal refers to a video of godman Swami Nithyananda in a compromising position with Tamil actress Ranjitha in the godman's ashram in Bidadi. Telecasted by the Tamil television Sun TV on 3 March 2010, the video created a furore in India. Nityananda was eventually arrested in Himachal Pradesh on April 21, 2010 and brought to Bangalore where he stood trial for rape and unnatural sex. Zee News later listed this episode in the top five sex-scandals in India.",Nityananda sex scandal,http://en.wikipedia.org/wiki/Nityananda_sex_scandal
686093156,finalized,3,3/8/2015 15:05:20,community,1.0,"",community,people,place,,The Bodh people are a community found in Himachal Pradesh.,Bodh people,http://en.wikipedia.org/wiki/Bodh_people
686093157,finalized,3,3/8/2015 14:28:20,navy midshipmen baseball,0.7805,"",baseball,sport,navy midshipmen baseball,,"For information on all United States Naval Academy sports, see Navy MidshipmenThe Navy Midshipmen baseball team is a varsity intercollegiate athletic team of the United States Naval Academy in Annapolis, Maryland, USA. The team is a member of the Patriot League, which is part of the National Collegiate Athletic Association's Division I. Navy's first baseball team was fielded in 1893. The team plays its home games at Terwilliger Brothers Field at Max Bishop Stadium in Annapolis, Maryland.",Navy Midshipmen baseball,http://en.wikipedia.org/wiki/Navy_Midshipmen_baseball
686093158,finalized,3,3/8/2015 14:34:40,corporation,1.0,"",electricity,corporation,organization,,"Prospect Electricity was the state-owned corporation owned by the Government of New South Wales responsible for retailing electricity to consumers in the Greater Western Sydney region between 1991 and 1996.It was originally founded in 1957 as the Prospect County Council, as a spin-off from the Sydney County Council, which was responsible for supplying electricity to much of the eastern half of Sydney. As with the Sydney County Council, it was initially controlled by local councils in the area.",Prospect Electricity,http://en.wikipedia.org/wiki/Prospect_Electricity
686093159,finalized,3,3/8/2015 14:20:48,multinational aircraft manufacturers,0.6855,"",multinational aircraft manufacturers,work,aircraft manufacturer,,"Aérospatiale-Matra was a French missile and aircraft manufacturer. It was formed in 1999 by the merger of French companies Aérospatiale and Matra Haute Technologie. It was short-lived as a company; on July 10, 2000, it merged with DaimlerChrysler Aerospace AG (DASA) of Germany and Construcciones Aeronáuticas SA (CASA) of Spain to form EADS.",Aérospatiale-Matra,http://en.wikipedia.org/wiki/Aérospatiale-Matra
686093160,finalized,3,3/8/2015 14:21:56,big east conference,0.7288,"",big east conference,sport,conference,,"The Big East Conference was a collegiate athletics conference that consisted of as many as 16 universities in the eastern half of the United States from 1979 to 2013. The conference's members participated in 24 NCAA sports. Three members had football programs but were not Big East football schools: Notre Dame football was independent while Georgetown and Villanova competed in the Football Championship Subdivision. Another five schools—DePaul, Marquette, Seton Hall, St.",Big East Conference (1979–2013),http://en.wikipedia.org/wiki/Big_East_Conference_(1979–2013)
686093161,finalized,3,3/8/2015 14:24:08,war,0.6276,"",war,movement,event,,"The French Resistance (French: la Résistance ""the Resistance"") is the name used to denote the collection of French resistance movements that fought against the Nazi German occupation of France and against the collaborationist Vichy régime during World War II.",French Resistance,http://en.wikipedia.org/wiki/French_Resistance
686093162,finalized,3,3/8/2015 14:49:29,great northwest athletic conference,1.0,"",sport,great northwest athletic conference,athletic,,"The Great Northwest Athletic Conference (GNAC) is a collegiate athletic conference which has historically operated in the northwestern United States, but also currently includes four schools in areas not usually considered part of that region—two in Alaska (neither of which is located in Southeast Alaska, an area often considered part of the Northwest), one in eastern Montana (almost never considered part of the region), and one in the Canadian province of British Columbia (an area included with the Northwest U.S. ",Great Northwest Athletic Conference,http://en.wikipedia.org/wiki/Great_Northwest_Athletic_Conference
686093163,finalized,3,3/8/2015 14:20:58,history,0.5514,"",history,dynasty,town,,"The Kassites were an ancient Near Eastern people who controlled Babylonia after the fall of the Old Babylonian Empire ca. 1531 BC and until ca. 1155 BC (short chronology).The Kassites gained control of Babylonia after the Hittite sack of the city in 1595 BC (i.e. 1531 BC per the short chronology), and established a dynasty based in Dur-Kurigalzu.",Kassites,http://en.wikipedia.org/wiki/Kassites
686093164,finalized,3,3/8/2015 15:00:23,mythology,0.7179,"",mythology,person,lord of wealth,,"Kubera (Sanskrit: कुबेर, Pali/later Sanskrit: Kuvera) also spelt Kuber, is the Lord of Wealth and the god-king of the semi-divine Yakshas in Hindu mythology. He is regarded as the regent of the North (Dik-pala), and a protector of the world (Lokapala). His many epithets extol him as the overlord of numerous semi-divine species and the owner of the treasures of the world.",Kubera,http://en.wikipedia.org/wiki/Kubera
686093165,finalized,3,3/8/2015 14:23:40,sports conference,0.6929,"",conference,sports conference,sports,,The Mid-Eastern Athletic Conference (MEAC) is a collegiate athletic conference of historically black colleges and universities (HBCUs) in the Southeastern United States.,Mid-Eastern Athletic Conference,http://en.wikipedia.org/wiki/Mid-Eastern_Athletic_Conference
686093166,finalized,3,3/8/2015 15:22:18,person,0.6356,"",war,incident,person,,"The Mỹ Lai Massacre (Vietnamese: thảm sát Mỹ Lai [tʰɐ̃ːm ʂɐ̌ːt mǐˀ lɐːj], [mǐˀlɐːj] ; /ˌmiːˈlaɪ/, /ˌmiːˈleɪ/, or /ˌmaɪˈlaɪ/) was the Vietnam War mass murder of between 347 and 504 unarmed civilians in South Vietnam on March 16, 1968. It was committed by the U.S. Army soldiers from the Company C of the 1st Battalion, 20th Infantry Regiment, 11th Brigade of the 23rd (Americal) Infantry Division. Victims included men, women, children, and infants.",My Lai Massacre,http://en.wikipedia.org/wiki/My_Lai_Massacre
686093167,finalized,3,3/8/2015 14:21:21,athletic,0.5966,"",athletic,sport,sports league,,The Patriot League is a collegiate athletic conference comprising private institutions of higher education and two United States service academies based in the Northeastern United States.,Patriot League,http://en.wikipedia.org/wiki/Patriot_League
686093168,finalized,3,3/8/2015 14:49:29,pioneer football league,0.73,"",pioneer football league,football,sport,,"The Pioneer Football League is a collegiate athletic conference which operates in the East, Midwest, and California of the United States. It has member schools that range from New York, North Carolina, and Florida in the east to California in the west. The conference participates in the NCAA's Division I Football Championship Subdivision (FCS) as a football-only conference.",Pioneer Football League,http://en.wikipedia.org/wiki/Pioneer_Football_League
686093169,finalized,3,3/8/2015 14:23:40,surname,0.685,"",surname,standards,religion,,"Shamgar, son of Anath (Hebrew: שמגר בן־ענת‎) is the name of one or possibly two individuals named in the Book of Judges.",Shamgar,http://en.wikipedia.org/wiki/Shamgar
686093170,finalized,3,3/8/2015 14:34:40,conference,1.0,"",sports,sport,conference,,"The Western Athletic Conference (WAC) is an American collegiate athletic conference affiliated with the National Collegiate Athletic Association (NCAA) Division I which was formed on July 27, 1962.",Western Athletic Conference,http://en.wikipedia.org/wiki/Western_Athletic_Conference
686093171,finalized,3,3/8/2015 15:22:18,revolutionary leftist group,1.0,"",work,war,revolutionary leftist group,,"The Zapatista Army of National Liberation (Ejército Zapatista de Liberación Nacional, EZLN), often referred to as the Zapatistas, is a revolutionary leftist group based in Chiapas, the southernmost state of Mexico.Since 1994, the group has been in a declared war ""against the Mexican state"", although this war has been primarily defensive, against military, paramilitary and corporate incursions into Chiapas.[citation needed] In recent years, it has been focused on a strategy of civil resistance.",Zapatista Army of National Liberation,http://en.wikipedia.org/wiki/Zapatista_Army_of_National_Liberation
686093172,finalized,3,3/8/2015 15:22:18,king,0.7009,"",person,king,history,,"Ariarathes X, surnamed Eusebes Philadelphos, ""Pious, brother-loving"" (Ancient Greek: Ἀριαράθης Εὐσεϐής Φιλάδελφος, Ariaráthēs Eusebḗs Philádelphos), was the king of Cappadocia from ca. 42 BC to 36 BC. He was of Persian and Greek ancestry. His father was King Ariobarzanes II of Cappadocia and his mother was Queen Athenais. He became king after his brother Ariobarzanes III Philoromaios was killed.",Ariarathes X of Cappadocia,http://en.wikipedia.org/wiki/Ariarathes_X_of_Cappadocia
686093173,finalized,3,3/8/2015 15:00:23,joint venture,0.6923,"",company,joint venture,venture,,Basell Polyolefins was a joint venture between BASF and Royal Dutch Shell. Leonard Blavatnik's Access Industries acquired it from the venturers for $5.7 billion in August 2005.,Basell Polyolefins,http://en.wikipedia.org/wiki/Basell_Polyolefins
686093174,finalized,3,3/8/2015 14:23:40,retail bank,0.6929,"",bank,retail bank,economy,,"The Commercial Bank of Australia (CBA, 1866 – 1982) was an Australian and New Zealand retail bank which merged into the Bank of New South Wales bank in 1982, to form Westpac. In New Zealand it was one of the partners in Databank Systems Limited, formed in 1967-68 to provide computer resources for New Zealand trading banks. The bank was known as the CBA, but that should not be confused with the Commonwealth Bank which is called the CBA today.",Commercial Bank of Australia,http://en.wikipedia.org/wiki/Commercial_Bank_of_Australia
686093175,finalized,3,3/8/2015 14:20:58,athletics,0.5514,"",sports,sport,athletics,,Division I (D-I) is the highest level of intercollegiate athletics sanctioned by the National Collegiate Athletic Association (NCAA) in the United States.,Division I (NCAA),http://en.wikipedia.org/wiki/Division_I_(NCAA)
686093176,finalized,3,3/8/2015 14:21:56,railway,1.0,"",company,transportation,railway,,"The East Indian Railway Company, later known as the East Indian Railway (EIR), introduced railways to eastern and northern India, while the Companies such as the Great Indian Peninsular Railway, South Indian Railway, Central India Railway and the North-Western Railway operated in other parts of India. The company was established 1 June 1845 in London by a deed of settlement with a capital of £4,000,000, largely raised in London.",East Indian Railway Company,http://en.wikipedia.org/wiki/East_Indian_Railway_Company
686093177,finalized,3,3/8/2015 15:00:23,company,0.7179,"",company,work,searle company,,"G.D. Searle & Company or just Searle was a company focusing on life sciences, specifically pharmaceuticals, agriculture, and animal health. It is now part of Pfizer.",G. D. Searle & Company,http://en.wikipedia.org/wiki/G._D._Searle_&_Company
686093178,finalized,3,3/8/2015 14:24:08,crime,0.7076,"",crime,news,murder,,"The Geeta and Sanjay Chopra kidnapping case was a notorious crime in New Delhi in 1978. Two children, Geeta and Sanjay Chopra, were kidnapped by two young men, Ranga Khus (Kuljeet Singh) and Billa (Jasbir Singh), who planned to demand ransom from their parents. On finding that their father was a naval officer, they dropped the idea. To eliminate evidence, they subsequently murdered Sanjay, raped Geeta and then killed her as well. They then fled the city.",Geeta and Sanjay Chopra kidnapping case,http://en.wikipedia.org/wiki/Geeta_and_Sanjay_Chopra_kidnapping_case
686093179,finalized,3,3/8/2015 15:00:23,participation,0.6923,"",participation,work,war,,"The Italian participation in the Eastern Front during World War II began after the launch of Operation Barbarossa on 22 June 1941. Barbarossa was the German war against the Soviet Union. To show solidarity with the Germans, Italian dictator Benito Mussolini ordered a contingent of the Italian Royal Army to be prepared for the Eastern Front and, by early July, an Italian force was in transport.",Italian participation in the Eastern Front,http://en.wikipedia.org/wiki/Italian_participation_in_the_Eastern_Front
686093180,finalized,3,3/8/2015 14:48:14,military justice,0.7265,"",military,military justice,organization,,"Judge Advocate General's Corps, also known as JAG or JAG Corps, refers to the legal branch or specialty of a military concerned with military justice and military law. Officers serving in a JAG Corps are typically called Judge Advocates.Judge Advocates serve primarily as legal advisors to the command to which they are assigned. In this function, they can also serve as the personal legal advisor to their commander.",Judge Advocate General's Corps,http://en.wikipedia.org/wiki/Judge_Advocate_General's_Corps
686093181,finalized,3,3/8/2015 14:21:56,vehicle,1.0,"",work,vehicule,vehicle,,"The Nissan Clipper nameplate has been used for two separate commercial vehicle ranges. Originally this was just a relabelled version of Prince's ""Clipper"" light/medium duty commercial vehicle range. In 2003 the nameplate was revived for a relabelled version of the Mitsubishi Minicab, a Kei truck provided in an OEM deal.",Nissan Clipper,http://en.wikipedia.org/wiki/Nissan_Clipper
686093182,finalized,3,3/8/2015 14:57:06,commercial vehicle,1.0,"",vehicle,commercial vehicle,van,,"The Prince Homer was a small commercial vehicle manufactured by the now defunct Prince Motor Company. It was available as a van, called the Homy, a double cab, or regular cab truck. The first model was known as the T64, and was sold as the Prince Homer or PMC T64. The T640 was introduced in 1966 and was sold as a Nissan (without any modifications aside from badging) due to Prince merging with Nissan.",Prince Homer,http://en.wikipedia.org/wiki/Prince_Homer
686093183,finalized,3,3/8/2015 14:23:40,car,1.0,"",car,work,vehicle,,"Ursaab, also known as 92001 and X9248, was the first of four prototype cars made by Saab AB, which at that time was solely an aeroplane manufacturer, leading to production of the first Saab car, the Saab 92 in 1949. The car is now in the Saab Car Museum in Trollhättan. The name ""Ursaab"" means ""original Saab"".",Ursaab,http://en.wikipedia.org/wiki/Ursaab
686093184,finalized,3,3/8/2015 14:34:40,football,0.6066,"",football,sports season,sports,,The 2003–04 season was the 124th season of Association football in England.,2003–04 in English football,http://en.wikipedia.org/wiki/2003–04_in_English_football
686093185,finalized,3,3/8/2015 14:48:14,engine,1.0,"",engine,automobile,work,,"The Essex V4 was a 60° V4 engine from Ford Motor Company made at the plant in Essex. The engine was available in two capacities, 1663 cc and 1996 cc, differing only in stroke. This engine was used on the Ford Corsair, Capri Mk I, Consul/Granada Mk I, Ford Zephyr 4 Mk IV and certain early models of the Ford Transit van.",Ford Essex V4 engine,http://en.wikipedia.org/wiki/Ford_Essex_V4_engine
686093186,finalized,3,3/8/2015 14:22:26,football,0.7208,"",football,work,sports season,,The 2002-03 season was the 123rd season of competitive football in England.,2002–03 in English football,http://en.wikipedia.org/wiki/2002–03_in_English_football
686093187,finalized,3,3/8/2015 14:48:14,sport association,0.3918,"",uefa member associationsfootball governing bodies in denmarkfutsal in denmarksports governing bodies in denmark1889 establishments in denmark,uefa member associations,sport association,,"The Danish Football Association (DBU) (Danish: Dansk Boldspil-Union; DBU) is the governing body of football in Denmark. It is the organization of the Danish football clubs and runs the professional Danish football leagues and the men's and women's national teams. It is based in the city of Brøndby and is a founding member of both FIFA and UEFA. From 2008, the DBU is also the governing body of futsal in Denmark.",Danish Football Association,http://en.wikipedia.org/wiki/Danish_Football_Association
686093188,finalized,3,3/8/2015 14:20:48,soccer,0.6855,"",soccer,college,sports,,College soccer is association football played by teams who are operated by colleges and universities as opposed to a professional league operated for exclusively financial purposes.,College soccer,http://en.wikipedia.org/wiki/College_soccer
686093189,finalized,3,3/8/2015 14:22:26,aircraft,1.0,"",aircraft,aero vodochody aircraft,biplanes,,"The Aero Ae 02 was the first fighter aircraft to be designed and built in Czechoslovakia, first flying in 1920.Designed by Husnik and Vlasak, it was of conventional biplane configuration. The orthodox two spar upper wing was straight, without dihedral and constructed in one piece, was supported above the fuselage on two sets of outward sloping N struts and an inverted V cabane. The lower wing was in two sections attached to stub 'winglets' on the fuselage.",Aero Ae 02,http://en.wikipedia.org/wiki/Aero_Ae_02
686093190,finalized,3,3/8/2015 15:22:18,organization,1.0,"",organization,youth wings of communist parties of india,youthclub,,Tribal Youth Federation (in Bengali Upajati Juba Federation) is an organization affiliated to Democratic Youth Federation of India in Tripura. TYF organizes youth from the tribal populations of the state. TYF has a separate central committee and publishes Bini Kharad (Our Voice).,Tribal Youth Federation,http://en.wikipedia.org/wiki/Tribal_Youth_Federation
686093191,finalized,3,3/8/2015 14:22:26,research,0.7208,"",research,companies of india,cancer,,Apacbiotech PVT LTD is a Indian Cancer Research Center in Gurgaon.,DK Leather,http://en.wikipedia.org/wiki/DK_Leather
686093192,finalized,3,3/8/2015 14:50:05,sports league,0.7025,"",sport,basketball,sports league,,"FIBA SuproLeague was the FIBA professional club basketball Champions' Cup for the 2000–01 season. Up until that season, there was one cup, the FIBA European Champions' Cup (which is now called the Euroleague), though in this season of 2000–01, the leading European teams split into two competitions: the FIBA SuproLeague and Euroleague Basketball Company's Euroleague 2000–01.",FIBA SuproLeague,http://en.wikipedia.org/wiki/FIBA_SuproLeague
686093193,finalized,3,3/8/2015 14:49:29,postclassical era,0.6786,"",history of medieval india,postclassical era,work,,"Medieval India refers to the Postclassical Era, i.e. 8th to 18th century CE in the Indian subcontinent. It is divided into two periods: The 'early medieval period' which lasted from the 8th to the 13th century and the 'late medieval period' which lasted from the 13th to the 18th century in some definitions, though many end the period with the start of the Mughal Empire in 1526.",Medieval India,http://en.wikipedia.org/wiki/Medieval_India
686093194,finalized,3,3/8/2015 15:05:20,spiritual community,0.7247,"",spiritual community,place,producion,,"Shiv Sadan is a large farm and spiritual community in Uttar Pradesh, India, on the shores of the Ganges.At the time of its development in the late 1980s by Sikh spiritual leader Baba Virsa Singh Ji (Babaji), no one believed that such an area could be farmed successfully. The area was a sandy, alkaline, treeless wasteland that was prone to flooding, and had been condemned by the Indian government.",Shiv Sadan,http://en.wikipedia.org/wiki/Shiv_Sadan
686093195,finalized,3,3/8/2015 14:21:21,engine,0.5966,"",engine,volvo,cars,,"Volvo Cars has a long reputation as a maker of inline (or straight) engines. This list of Volvo engines gives an overview of available internal combustion engines.When Volvo started in 1927, they ordered their engines from the engine manufacturer Penta in Skövde. The first engine was the inline four-cylinder side-valve 28 horsepower (21 kW; 28 PS) Type DA.",List of Volvo engines,http://en.wikipedia.org/wiki/List_of_Volvo_engines
686093196,finalized,3,3/8/2015 14:34:40,company,1.0,"",electricity,organization,company,,The Electricity Trust of South Australia (ETSA) was the South Australian Government-owned monopoly vertically integrated electricity provider. Its controversial privatisation in 1999 was one of the most important political events in recent South Australian history.,Electricity Trust of South Australia,http://en.wikipedia.org/wiki/Electricity_Trust_of_South_Australia
686093197,finalized,3,3/8/2015 14:47:39,interregnum,0.6923,"",history,interregnum,kingdom,,"The Rule of the Dukes was an interregnum in the Lombard Kingdom of Italy (574/5–584/5) during which Italy was ruled by the Lombard dukes of the old Roman provinces and urban centres. The interregnum is said to have lasted ten years according to Paul the Deacon, but all other sources—the Fredegarii Chronicon, the Origo Gentis Langobardorum, the Chronicon Gothanum, and the Copenhagen continuator of Prosper Tiro—accord it twelve.",Rule of the Dukes,http://en.wikipedia.org/wiki/Rule_of_the_Dukes
686093198,finalized,3,3/8/2015 14:20:48,sport,1.0,"",sport,race,india,,"Bull or Buffalo racing (""Kala or Pothu poottu matsaram"") is an agricultural spectator sport held in Kerala, India for thousands of years.",Buffalo racing in Kerala,http://en.wikipedia.org/wiki/Buffalo_racing_in_Kerala
686093199,finalized,3,3/8/2015 14:20:48,football league,1.0,"",football,league,football league,,"The Montgomeryshire Football League (currently the The JT Hughes Football League) is a football league in Mid Wales, sitting at the fifth and sixth levels of the Welsh football league system.The league hosts several cup competitions: Emrys Morgan Cup, Montgomeryshire Cup, Village Cup, League Cup and Consolation Cup.Teams promoted from Division One may enter the Mid Wales League if standards and facilities fall into line with the regulations of the Mid Wales League.Currently one team is from just over the border in England — Trefonen.",Montgomeryshire Football League,http://en.wikipedia.org/wiki/Montgomeryshire_Football_League
686093200,finalized,3,3/8/2015 15:22:18,programme,1.0,"",programme,zxs,minority,,"15 point Programme for minorities is a controversial programme approved by Indian government in 2006 for welfare of religious minorities. It ran into controversies with the principal opposition party Bharatiya Janata Party charging the UPA government of communal budgeting, minority appeasment, religious discrimination and vote bank politics. The Central government has allocated 15% of plan outlays for implementation of the 15 points.",15 point Programme for minorities,http://en.wikipedia.org/wiki/15_point_Programme_for_minorities
686093201,finalized,3,3/8/2015 14:24:08,remote meter reading application,0.6648,"",techonology,technology,remote meter reading application,,MIOS or Meter Inter Operability Solution is a specification for inter operability of electric meters for remote meter reading applications in India proposed by IEEMA and is developed and maintained by Metering India which is a group of Meter Manufacturers.,MIOS,http://en.wikipedia.org/wiki/MIOS
686093202,finalized,3,3/8/2015 14:21:56,truck,0.6579,"",vehicle,truck,vehicle ç,,"The Mercedes-Benz Trucks L-series is a conventional layout, cab-after-engine truck manufactured from 1959 to 1995. In Germany it is most commonly referred to as the Kurzhauber (for ""short bonnet""). The engine intruded into the cabin underneath the windshield, all in the name of making a shorter truck to meet the strict period German regulations on overall length.",Mercedes-Benz L-series truck,http://en.wikipedia.org/wiki/Mercedes-Benz_L-series_truck
686093203,finalized,3,3/8/2015 14:34:40,obesity,1.0,"",health,obesity,epidemic,,"Obesity has reached epidemic proportions in India in the 21st century, with morbid obesity affecting 5% of the country's population. India is following a trend of other developing countries that are steadily becoming more obese. Unhealthy, processed food has become much more accessible following India's continued integration in global food markets.",Obesity in India,http://en.wikipedia.org/wiki/Obesity_in_India
686093204,finalized,3,3/8/2015 15:22:18,surname,1.0,"",surname,name,family,,"Parkhi is an uncommon surname of Deshastha Rigvedi Brahmins. The common Gotra found in Parkhis is Harita/Haritas. They are mostly located in Pune and Nagpur.Other Parkhis are also found in Mumbai, Thane, Nashik, Dombivali and abroad in the United States and United Kingdom.Chandu Parkhi is one the most notable person with surname Parkhi.Sandeep Parkhi has designed the website for the Parkhi family in Nagpur.",Parkhi,http://en.wikipedia.org/wiki/Parkhi
686093205,finalized,3,3/8/2015 15:05:20,indian family names,1.0,"",name,indian family names,people,,"Maisnam (pronounced as ""meis - naam"") is a Meitei family name. Meiteis are people from Manipur, a state in north-eastern India. Maisnam is a sagei (surname/lastname/family) from the Luwang salai (clan), one of the seven salais of Manipur. The Luwang salai is equivalent to the Kashyap gotra (clan) in Hinduism.",Maisnam,http://en.wikipedia.org/wiki/Maisnam
686093206,finalized,3,3/8/2015 15:00:23,football,0.7179,"",football,sport,football season,,"During the 2008–09 football season Portsmouth played their sixth consecutive season in the highest tier of English football, the Premier League. Thanks to the exploits of the previous season, Portsmouth achieved European football for the first time in their footballing history, thanks to an FA Cup win over Cardiff City; they competed in the UEFA Cup. They also participated in the Charity Shield, against Manchester United on 10 August 2008, at Wembley Stadium, eventually losing on penalties.",2008–09 Portsmouth F.C. season,http://en.wikipedia.org/wiki/2008–09_Portsmouth_F.C._season
686093207,finalized,3,3/8/2015 14:21:56,austrian football bundesliga seasons,0.7288,"",football,sport,austrian football bundesliga seasons,,Statistics of Austrian Football Bundesliga in the 1992/1993 season.,1992–93 Austrian Football Bundesliga,http://en.wikipedia.org/wiki/1992–93_Austrian_Football_Bundesliga
686093208,finalized,3,3/8/2015 14:24:08,manufacturer,1.0,"",company,person,manufacturer,,"Kässbohrer Fahrzeugwerke was a German vehicle manufacturer in Ulm. Its products were buses, coaches, vehicle transporters, trailers and special vehicles like snow groomer vehicles.In 1893, Karl Kässbohrer founded the Wagenfabrik Kässbohrer in Ulm. In 1922, Kässbohrer developed a trailer for goods transport, having solid rubber wheels. When Karl Kässbohrer senior died, his sons, Karl junior and Otto Kässbohrer, took over the company.",Kässbohrer,http://en.wikipedia.org/wiki/Kässbohrer
686093209,finalized,3,3/8/2015 15:54:01,cadillac vehicles,1.0,"",car,cadillac vehicles,vehicule,,"The 2005 Cadillac DTS Presidential State Car was the official state car used by President George W. Bush of the United States during his administration. Analogous to the President's use of an airplane designated Air Force One, the automobile—traditionally a limousine—is informally known as ""Cadillac One"". The limousine model was replaced on January 20, 2009, upon the inauguration of President Barack Obama, although both models are still in use.",2005 Cadillac DTS Presidential State Car (United States),http://en.wikipedia.org/wiki/2005_Cadillac_DTS_Presidential_State_Car_(United_States)
686093210,finalized,3,3/8/2015 14:57:06,sports team,0.7344,"",team,sports team,baseball,,"For information on all University of North Carolina at Charlotte sports, see Charlotte 49ersThe Charlotte 49ers baseball team is a varsity intercollegiate athletic team of the University of North Carolina at Charlotte in Charlotte, North Carolina, USA. The team is a member of Conference USA, which is part of the National Collegiate Athletic Association's Division I. Charlotte's first baseball team was fielded in 1979.",Charlotte 49ers baseball,http://en.wikipedia.org/wiki/Charlotte_49ers_baseball
686093211,finalized,3,3/8/2015 14:48:14,sports program,0.6653,"",baseball,sports program,sports,,"The Coastal Carolina Chanticleers baseball program has been the university's most consistent program in terms of success. Head Coach Gary Gilmore (730-365-0 at CCU, 986-467-2 overall) has led the Chanticleers to 12 NCAA Regional appearances and two Super Regional appearances since being hired in 1996. The program has received #1 regional seeds on four occasions (2005, 2007, 2008, 2010) and won 50+ games in 2005, 2007, 2008, and 2010.",Coastal Carolina Chanticleers baseball,http://en.wikipedia.org/wiki/Coastal_Carolina_Chanticleers_baseball
686093212,finalized,3,3/8/2015 14:21:21,team,1.0,"",team,sports,sport,,"The Florida Gators softball team represents the University of Florida in the sport of softball. The Florida Gators compete in Division I of the National Collegiate Athletics Association (NCAA) and the Southeastern Conference (SEC). The Gators play their home games at Katie Seashole Pressly Softball Stadium on the university's Gainesville, Florida campus, and are currently led by head coach Tim Walton.",Florida Gators softball,http://en.wikipedia.org/wiki/Florida_Gators_softball
686093213,finalized,3,3/8/2015 14:22:26,team,0.6792,"",baseball,monmouth hawks baseball,team,,"For information on all Monmouth University sports, see Monmouth HawksThe Monmouth Hawks baseball team is a varsity intercollegiate athletic team of Monmouth University in West Long Branch, New Jersey, USA. The team is a member of the Metro Atlantic Athletic Conference, which is part of the National Collegiate Athletic Association's Division I. The team plays its home games at Monmouth Baseball Field in West Long Branch, New Jersey. The Hawks are coached by Dean Ehehalt.",Monmouth Hawks baseball,http://en.wikipedia.org/wiki/Monmouth_Hawks_baseball
686093214,finalized,3,3/8/2015 14:20:58,baseball,0.7477,"",baseball,sport,varsity intercollegiate athletic team,,"For information on all Rider University sports, see Rider BroncsThe Rider Broncs baseball team is a varsity intercollegiate athletic team of Rider University in Lawrenceville, New Jersey, USA. The team is a member of the Metro Atlantic Athletic Conference, which is part of the National Collegiate Athletic Association's Division I. The team plays its home games at Sonny Pittaro Field in Lawrenceville, New Jersey. The Broncs are coached by Barry Davis.",Rider Broncs baseball,http://en.wikipedia.org/wiki/Rider_Broncs_baseball
686093215,finalized,3,3/8/2015 14:24:08,western soccer alliance seasons,1.0,"",soccer,western soccer alliance seasons,league,,Final league standings for the 1989 Western Soccer League season.,1989 Western Soccer League,http://en.wikipedia.org/wiki/1989_Western_Soccer_League
686093216,finalized,3,3/8/2015 14:57:06,soccer league,1.0,"",soccer league,sports league,sport,,Final league standings for the 1991 American Professional Soccer League season.,1991 American Professional Soccer League,http://en.wikipedia.org/wiki/1991_American_Professional_Soccer_League
686093217,finalized,3,3/8/2015 14:21:56,soccer,1.0,"",soccer,sport,sports,,Final league standings for the 1992 American Professional Soccer League season.,1992 American Professional Soccer League,http://en.wikipedia.org/wiki/1992_American_Professional_Soccer_League
686093218,finalized,3,3/8/2015 14:57:06,season,0.7344,"",season,team,sports season,,This article is about 1996-2003 seasons of FC Seoul.,1996–2003 FC Seoul (Anyang LG Cheetahs) seasons,http://en.wikipedia.org/wiki/1996–2003_FC_Seoul_(Anyang_LG_Cheetahs)_seasons
686093219,finalized,3,3/8/2015 15:00:23,football,0.7442,"",football,football league,standards,,"The 2009–10 season was Blackpool F.C.'s 103rd season (100th consecutive) in the Football League. It was also their third consecutive season in The Championship, the second tier of English football. The club won promotion, via the play-offs, to the Premier League for the first time, their 28th overall season in the top tier. Their victory over Cardiff City in the Final was the club's ninth victory in their last eleven games.",2009–10 Blackpool F.C. season,http://en.wikipedia.org/wiki/2009–10_Blackpool_F.C._season
686093220,finalized,3,3/8/2015 15:05:20,mission,1.0,"",mission,organization,history,,"The Consulate-General of India in Houston is a diplomatic mission of India in Houston. It serves Arkansas, Colorado, Kansas, Louisiana, Nebraska, Oklahoma, and Texas.The consulate opened in October 1995. The Consulate was previously located in Suite 600 of 3 Post Oak Central in the Uptown District. The space, which was the consulate's first location, had 11,353 square feet (1,054.7 m2) of space. In 2011 the consulate announced that it planned to outsource visa services.","Consulate-General of India, Houston","http://en.wikipedia.org/wiki/Consulate-General_of_India,_Houston"
686093221,finalized,3,3/8/2015 14:57:06,team,1.0,"",team,sports,sport,,"The Celtic Football Club was established in 1887. The club have won the Scottish League Championship 45 times, the Scottish Cup 35 times and the Scottish League Cup 14 times. They also won the European Cup in 1967.The club has played more than 100 seasons in Scottish football. The table details the club's achievements in all national and European first team competitions for each completed season.",List of Celtic F.C. seasons,http://en.wikipedia.org/wiki/List_of_Celtic_F.C._seasons
686093222,finalized,3,3/8/2015 14:24:08,sports season,1.0,"",season,sports season,sports,,This article details Crewe Alexandra's 2010–11 season in League Two. This will be Crewe's 87th competitive season.,2010–11 Crewe Alexandra F.C. season,http://en.wikipedia.org/wiki/2010–11_Crewe_Alexandra_F.C._season
686093223,finalized,3,3/8/2015 14:48:14,team,1.0,"",sports,team,sport,,"For information on all University of Dayton sports, see Dayton FlyersThe Dayton Flyers baseball team is a varsity intercollegiate athletic team of the University of Dayton in Dayton, Ohio, USA. The team is a member of the Atlantic 10 Conference, which is part of the National Collegiate Athletic Association's Division I. The team plays its home games at Woerner Field in Dayton, Ohio. The Flyers are coached by Tony Vittorio.",Dayton Flyers baseball,http://en.wikipedia.org/wiki/Dayton_Flyers_baseball
686093224,finalized,3,3/8/2015 14:57:06,team,0.7344,"",team,sports team,sports,,"The Clarkson Golden Knights men's ice hockey team is a National Collegiate Athletic Association (NCAA) Division I college ice hockey program that represents Clarkson University. The Golden Knights have been a member of ECAC Hockey since 1962, and play their home games at Cheel Arena in Potsdam, New York.",Clarkson Golden Knights men's ice hockey,http://en.wikipedia.org/wiki/Clarkson_Golden_Knights_men's_ice_hockey
686093225,finalized,3,3/8/2015 14:22:26,riots,0.6,"",riots,work,violence,,The 2006 Mangalore Riots were a set of riots in Mangalore triggered by an attack by Hindu activists on a van carrying cows for the slaughter house. Cows have always been revered religiously by the Hindu community.,2006 Mangalore riots,http://en.wikipedia.org/wiki/2006_Mangalore_riots
686093226,finalized,3,3/8/2015 14:23:40,document,1.0,"",document,technology,standards,,Meta data and data standards or MDDS is the official document describing the standards for common metadata as part of India's National e-Governance Plan.,MDDS,http://en.wikipedia.org/wiki/MDDS
686093227,finalized,3,3/8/2015 14:49:29,archive,0.52,"",archive,women's history,sparrow,,"Sound and Picture Archives for Research on Women or SPARROW is an archive of Indian women's history located in Dahisar, Mumbai. The archive contains print, visual, photographic and film materials related to women's history in India. The archive, which was founded in 1988 by Tamil feminist writer C. S. Lakshmi, is the largest archive of women's history in India.The archive collects oral history, personal papers, recorded speeches, photographers, posters, songs, art work etc.",Sound and Picture Archives for Research on Women,http://en.wikipedia.org/wiki/Sound_and_Picture_Archives_for_Research_on_Women
686093228,finalized,3,3/8/2015 15:05:20,revenue division,1.0,"",revenue division,place,india,,"Ariyalur division is a revenue division in the Ariyalur district of Tamil Nadu, India.",Ariyalur division,http://en.wikipedia.org/wiki/Ariyalur_division
686093229,finalized,3,3/8/2015 14:28:20,university sports,0.6579,"",sports,baseball,university sports,,"For information on all Ball State University sports, see Ball State CardinalsThe Ball State Cardinals baseball team is a varsity intercollegiate athletic team of Ball State University in Muncie, Indiana, USA. The team is a member of the Mid-American Conference West division, which is part of the National Collegiate Athletic Association's Division I. Ball State's first baseball team was fielded in 1920. The team plays its home games at Ball Diamond in Muncie, Indiana.",Ball State Cardinals baseball,http://en.wikipedia.org/wiki/Ball_State_Cardinals_baseball
686093230,finalized,3,3/8/2015 14:49:29,tragedy,0.75,"",building collapse,tragedy,sculpture,,The 2013 Mumbai building collapse occurred on 27 September 2013 when a five-story building collapsed in the Mazagaon area of Mumbai city in Maharashtra a state in India. At least 61 people died and 32 others were injured in the disaster.,2013 Mumbai building collapse,http://en.wikipedia.org/wiki/2013_Mumbai_building_collapse
686093231,finalized,3,3/8/2015 15:54:01,monument,0.6925,"",red fort,place,monument,,"The Diwan-i-Am, or Hall of Audience, located in the Red Fort of Delhi was where the Mughal emperor Shah Jahan (1628-1658) and his successors received members of the general public and heard their grievances.The inner main court to which the Nakkar Khana led was 540 feet broad, 420 feet deep, and surrounded by arcade galleries, where chieftains (umaras) on duty were posted.",Diwan-i-Am (Red Fort),http://en.wikipedia.org/wiki/Diwan-i-Am_(Red_Fort)
686093232,finalized,3,3/8/2015 15:05:20,structure,1.0,"",place,structure,residence,,"The Khas Mahal served as the Mughal emperor's private residence in Delhi. The structure is located inside the Red Fort, which is a large fort complex located inside the city.It consists of three parts: the Chamber of Telling Beads (Viz-tasbih-khana), the sleeping chamber, (khwabgah) and the wardrobe (tosha-khana) or sitting room (baithak). The interior is decorated with carved white marble painted with colourful floral decorations. The ceiling was also partially gilded.",Khas Mahal (Red Fort),http://en.wikipedia.org/wiki/Khas_Mahal_(Red_Fort)
686093233,finalized,3,3/8/2015 14:21:56,dam,0.678,"",place,dam,reservoir,,"The Mazum Dam is located near Modasa, Gujarat in India. it is built on small river called Mazum which may the reason it has been named as Mazum dam. it is located in Sabarkantha District of Gujarat near Modasa town. it is about 9 km away from modasa. This dam supplies water, allowing farmers to harvest their crops and is also used when nearby towns are running out of water.",Mazum reservoir,http://en.wikipedia.org/wiki/Mazum_reservoir
686093234,finalized,3,3/8/2015 14:22:26,person,1.0,"",person,scindia dynasty of gwalior1777 deathsindian royalty stubs,scindia dynasty of gwalior,,"Manaji Rao Scindia Bahadur (? - af.1777) was the Maharaja Scindia of Gwalior (r.1764 - 1768).He was grandson of Sardar Sabaji Scindia. He was recognised by the Peshwa as the Sardar of the Scindias on 10 July 1764, and succeeded by Mahadaji Scindia on 18 January 1768.",Manaji Rao Scindia,http://en.wikipedia.org/wiki/Manaji_Rao_Scindia
686093235,finalized,3,3/8/2015 14:22:26,spacecraft,1.0,"",spacecraft,space,sculpture,,"The Apollo Lunar Module (LM), also (and originally) known as the Lunar Excursion Module (LEM), was the lander portion of the Apollo spacecraft built for the US Apollo program by Grumman to carry a crew of two from lunar orbit to the surface and back.",Apollo Lunar Module,http://en.wikipedia.org/wiki/Apollo_Lunar_Module
686093236,finalized,3,3/8/2015 15:54:01,designated terrorist organizations associated with islam,1.0,"",designated terrorist organizations associated with islam,work,religion,,"The Armed Islamic Group (GIA, al-Jama'ah al-Islamiyah al-Musallaha, from French Groupe Islamique Armé; Arabic الجماعة الإسلامية المسلّحة ) is an Islamist organisation that wants to overthrow the Algerian government and replace it with an Islamic state. The GIA adopted violent tactics in 1992 after the military government voided the victory of the Islamic Salvation Front, the largest Islamic opposition party, in the first round of legislative elections held in December 1991.",Armed Islamic Group of Algeria,http://en.wikipedia.org/wiki/Armed_Islamic_Group_of_Algeria
686093237,finalized,3,3/8/2015 14:22:26,channel,0.6792,"",channel,work,tv channel,,Atomic TV was a channel launched in 1997 in Romania. It originated in music and music videos. It was closed in 2000 and was replaced by MTV Romania.,Atomic TV,http://en.wikipedia.org/wiki/Atomic_TV
686093238,finalized,3,3/8/2015 14:49:29,ruler,0.52,"",ruler,alexander the great in legend,sculpture,,"For other uses, see AzoAzo (Georgian: აზო) or Azoy (Georgian: აზოჲ) also known as Azon (აზონი) was a legendary ruler of Georgians of ancient Kartli (Iberia of the Classical authors) claimed by medieval Georgian annals to have been installed by Alexander the Great, king of Macedon (r. 336–323 BC).",Azo of Iberia,http://en.wikipedia.org/wiki/Azo_of_Iberia
686093239,finalized,3,3/8/2015 15:54:01,honorific,0.6011,"",honorific,work,titles in iran,,"Baba (Persian: ‎: بابا, Urdu: ‎, Pashto: ‎; Sanskrit, Punjabi, Bengali, Hindi and Marathi: बाबा; father; grandfather; wise old man; sir,) is a Persian honorific term used in several West and South Asian cultures.",Baba (honorific),http://en.wikipedia.org/wiki/Baba_(honorific)
686093240,finalized,3,3/8/2015 14:21:56,definition,1.0,"",definition,word,titles in indiatitles in pakistanindia stubs,,"The term babu, also spelled baboo, is used in modern-day South Asia as a sign of respect towards men. It is a derivation of bapu which means father or grand father. The honorific ""ji"" is sometimes added as a suffix to create the double honorific ""babuji"" which, in northern and eastern parts of India, is a term of respect for one's father. ""Babuji"" can also be used as a term of respect for any respected elder or man.",Babu (title),http://en.wikipedia.org/wiki/Babu_(title)
686093241,finalized,3,3/8/2015 14:21:21,community,0.7311,"",scheduled tribes of jammu and kashmir,community,scheduled tribes of jammu and kashmirindian ethnic group stubs,,The Boto or Bot people are a community found in Jammu and Kashmir.,Boto people,http://en.wikipedia.org/wiki/Boto_people
686093242,finalized,3,3/8/2015 15:54:01,conference,0.6011,"",conference,standards,sport conference,,"The East Coast Conference (ECC) is a collegiate athletic conference affiliated with the National Collegiate Athletic Association (NCAA)'s Division II. Member institutions are located in the northeastern United States in the states of Connecticut and New York, as well as the District of Columbia.",East Coast Conference,http://en.wikipedia.org/wiki/East_Coast_Conference
686093243,finalized,3,3/8/2015 14:21:21,engine,0.5966,"",engine,ford,automobile,,The Ford Kent is an internal combustion engine from British Ford.,Ford Kent engine,http://en.wikipedia.org/wiki/Ford_Kent_engine
686093244,finalized,3,3/8/2015 14:21:21,hockey,0.64,"",hockey,sport,field hockey in india,,The Indian Hockey Federation [1] was the Indian branch of the International Hockey Federation.,Indian Hockey Federation,http://en.wikipedia.org/wiki/Indian_Hockey_Federation
686093245,finalized,3,3/8/2015 14:20:48,organization,1.0,"",organization,athletic,sports,,"Founded in 1912, the Middle Atlantic Conferences (MAC) is an umbrella organization of three athletic conferences which competes in the NCAA's Division III. The 18-member teams are located in the Mid-Atlantic United States.The organization is divided into two main conferences: the Commonwealth Conference and the Freedom Conference.",Middle Atlantic Conferences,http://en.wikipedia.org/wiki/Middle_Atlantic_Conferences
686093246,finalized,3,3/8/2015 14:34:40,elephant,0.75,"",elephant,terrorist,animal,,"Osama bin Laden, locally named after the infamous elusive terrorist, was a rogue bull elephant responsible for at least 27 deaths and destruction of property in the jungled Sonitpur district of the Indian state of Assam. After a two-year rampage from 2004 to 2006, an elephant was eventually shot; but some were doubtful that the right animal was killed.",Osama bin Laden (elephant),http://en.wikipedia.org/wiki/Osama_bin_Laden_(elephant)
686093247,finalized,3,3/8/2015 15:54:01,history,0.7064,"",history,colonists,united states of america,,"Patriots (also known as Rebels, Revolutionaries, Congress-Men, or American Whigs) were those colonists of the Thirteen Colonies who violently rebelled against British control during the American Revolution and in July 1776 declared the United States of America an independent nation.",Patriot (American Revolution),http://en.wikipedia.org/wiki/Patriot_(American_Revolution)
686093248,finalized,3,3/8/2015 14:20:58,joint stock company,0.5514,"",company,trade,joint stock company,,"The Plymouth Company was an English joint stock company founded in 1606 by James I of England with the purpose of establishing settlements on the coast of North America.The merchants offered a en economical agreement to the settlers, where the merchants agreed to finance their trip and in return the settlers would have to repay their trip, through the profits made, with interest.The company thus fell into disuse and in 1609.In 1620, after years of disuse, the company was revived and reorganized as the Plymouth Council for New England. ",Plymouth Company,http://en.wikipedia.org/wiki/Plymouth_Company
686093249,finalized,3,3/8/2015 14:20:58,infrastructure,0.4486,"",strategy,infrastructure,rural,,"Rural Infrastructure Service Commons (RISC) is a strategy for rural development in India proposed in 2002 by Vinod Khosla and Atanu Dey.RISC proposes the establishment of rural hubs with established infrastructure and fee-based user services that would be sustained by patronage from surrounding villages, accessible by bicycle. Each hub would provide economic opportunities for India's rural population and the potential to seed a larger urban center.",Rural Infrastructure Service Commons,http://en.wikipedia.org/wiki/Rural_Infrastructure_Service_Commons
