_unit_id,_golden,_unit_state,_trusted_judgments,_last_judgment_at,category,category:confidence,new_category_if_other,c1,c10,c2,c3,c4,c5,c6,c7,c8,c9,category_gold,item_desc,item_title,link
685987172,false,finalized,3,3/8/2015 03:03:56,other,0.6382,"book
science",Country,Comedy Group,snooker player,golf course,historic place,Instrument,protein,television season,paintball league,Site of Special Scientific Interest,,Vaṭeśvara-siddhānta was a mathematical and astronomical treatise written by Vaṭeśvara in India in 904 CE. This treatise contains fifteen chapters on astronomy and applied mathematics.,Vaṭeśvara-siddhānta,http://en.wikipedia.org/wiki/Vaṭeśvara-siddhānta
685987173,false,finalized,3,3/8/2015 03:03:28,gridiron football player,0.7073,games,Person,public service,president,MouseGeneLocation,public service output,gridiron football player,airline,profession,automobile,businessperson,,The following are the results and details of the Derry senior Gaelic football team's competitive games in 2007. Details of the 2007 Derry club competitions are also shown.,2007 Derry Gaelic football season,http://en.wikipedia.org/wiki/2007_Derry_Gaelic_football_season
685987174,false,finalized,3,3/8/2015 03:30:17,Person,1.0,"",City,parish,Person,Facility,Position,case,public service input,reptile,Historical district,soccer manager,,"The Shahi Imam is the Imam of Delhi's Jama Masjid, Mughal emperor Shahjahan appointed Syed Abdul Ghafoor Shah Bukhari to the high office of Imamat-e-Uzma, and conferred upon him the title of Shahi Imam.",Shahi Imam,http://en.wikipedia.org/wiki/Shahi_Imam
685987175,false,finalized,3,3/8/2015 03:02:56,SportsLeague,1.0,"",Organization,cemetery,SportsLeague,Country,presenter,governmental administrative region,member of parliament,country estate,tunnel,film festival,,"The 1996–97 Ligue 1 season (then known as Division 1) was the 60th since its establishment. AS Monaco won the French Association Football League with 79 points. Four teams were relegated to Second division and only two were promoted because in 1997–1998, only 18 would participate the championship.",1996–97 French Division 1,http://en.wikipedia.org/wiki/1996–97_French_Division_1
685987176,false,finalized,3,3/8/2015 03:14:24,ProvinceOrState,0.64,"",ProvinceOrState,HorseRiding,Country,record label,bullfighter,results of a sport competition,snooker world champion,Polyhedron,ligament,atoll,,"The smallest state in India, Goa covers an area of 3,702 km2. Situated on the western coast of India, Goa shares its northern boundary with Maharashtra. Karnataka covers the eastern and southern boundary of the state. Panaji is the capital city of the state of Goa. One of the major tourist destinations in India, Goa also houses some of the best educational institutes of the nation. The scenario of education here is comparatively better than many other states of the nation.",Education in Goa,http://en.wikipedia.org/wiki/Education_in_Goa
685987177,false,finalized,3,3/8/2015 03:47:40,other,1.0,"village
village
village",NaturalFeature,road,Country,ProvinceOrState,space shuttle,synagog,penalty shoot-out,Mill,cultivar (cultivated variety),politician spouse,,"Kumirkola is a small village residing on the banks of the Damodar river, which flows through the heart of Burdwan district of West Bengal in India. It has a population of about 1737 persons living in 339 households.The name Kumirkola is probably derived from two Bengali words ""Kumir"" and ""khola"", indicating a crocodile and a rough surface.",Kumirkola,http://en.wikipedia.org/wiki/Kumirkola
685987178,false,finalized,3,3/8/2015 03:30:55,SportsLeague,1.0,"",Organization,agglomeration,SportsLeague,Capital,boxing league,HorseRiding,broadcast network,green alga,contest,Gnetophytes,,Olympique de Marseille won Division 1 season 1971/1972 of the French Association Football League with 56 points.,1971–72 French Division 1,http://en.wikipedia.org/wiki/1971–72_French_Division_1
685987179,false,finalized,3,3/8/2015 03:35:19,Person,1.0,"",Position,flowering plant,Person,ProvinceOrState,chemical substance,baseball season,case,death,Capital,boxing league,,Tughral Tughan Khan (also known as Mughisuddin Tughral) ruled Bengal during 1236-1246 CE and again during 1272-1281 CE. He was also a governor of Bihar and Oudh.,Tughral Tughan Khan,http://en.wikipedia.org/wiki/Tughral_Tughan_Khan
685987180,false,finalized,3,3/8/2015 03:47:40,other,1.0,"health
event
situation",ProvinceOrState,territory,MarketIndex,Organization,Country,vein,voice actor,chemical substance,lacrosse player,Capital,,"This article refers to the situation of malnutrition in the Indian state of Kerala.According to the India State Hunger Index published by the International Food Policy Research Institute, the severity of hunger and malnutrition in Kerala is the second lowest in India, and is considered to be ""serious"".",Malnutrition in Kerala,http://en.wikipedia.org/wiki/Malnutrition_in_Kerala
685987181,false,finalized,3,3/8/2015 03:08:59,other,1.0,"sport season
football league
season|football season",Country,comics,Desert,boxing league,celebrity,Intercommunality,E4 Period,non-profit organisation,hot spring,book,,The 1985–86 season was the 106th season of competitive football in England.,1985–86 in English football,http://en.wikipedia.org/wiki/1985–86_in_English_football
685987182,false,finalized,3,3/8/2015 03:08:59,Position,0.7048,tax,Organization,convention,Company,ProvinceOrState,Position,Country,mountain pass,divorce,boxing league,american football league,,"The Chief Commissioner of Income Tax or ""Director General of Income Tax"" is a senior rank in the Income Tax Department in India. Chief Commissioners are in charge of operations of the department with in a region which is usually overlapping with the territory of a state. Depending on the region their numbers vary from 23(like in Maharashtra) and 3(Karnataka). They are chosen from the Indian Revenue Service and usually after serving in the Government for a period of 30 years.",Chief Commissioner of Income Tax,http://en.wikipedia.org/wiki/Chief_Commissioner_of_Income_Tax
685987183,false,finalized,3,3/8/2015 03:47:40,other,1.0,"project
project
project",City,celestial body,NaturalFeature,Facility,Company,Historical province,nerve,volleyball player,football match,host,,"The Mumbai Manmad Bijwasan Pipeline (MMBPL) was one of the most ambitious projects undertaken by Bharat Petroleum Corporation Limited. The project commenced in mid-1998 and involved the laying of a 168 km long petroleum product pipeline from Mumbai on the Arabian sea coast to Manmad, near Nashik, located in North-Eastern Maharashtra. Subsequently, by March 2007, the pipeline was extended from Manmad to Bijwasan near New Delhi's Indira Gandhi International Airport.",Mumbai–Manmad Pipeline,http://en.wikipedia.org/wiki/Mumbai–Manmad_Pipeline
685987184,false,finalized,3,3/8/2015 03:08:59,other,0.6205,"social place
shopping|place",Region,military conflict,City,Facility,ProvinceOrState,societal event,anime,host,chess player,national soccer club,,"The Pinnacle Mall is a large mixed used development in the city of Nasik, Maharashtra, South West India. It is a 300,000 square feet (28,000 m2) development on the Trimbak road square at the junction of the old Mumbai and Trimbakeshwar expressway. It is being developed by the Atal Buildcon company. It was inaugurated on 16 July 2011.Pantaloon will be the major tenant.",Pinnacle Mall,http://en.wikipedia.org/wiki/Pinnacle_Mall
685987185,false,finalized,3,3/8/2015 03:43:42,other,1.0,"revenue block
revenue block
district sub-division",ProvinceOrState,natural region,Country,brewery,island,line of fashion,Biological database,convention,parliament,work,,"Thurinjapuram block is a revenue block in the Tiruvannamalai district of Tamil Nadu, India. It contains a total of 47 panchayat villages.",Thurinjapuram block,http://en.wikipedia.org/wiki/Thurinjapuram_block
685987186,false,finalized,3,3/8/2015 03:03:28,Company,0.7073,education,City,language,Company,Country,Person,statistic,artist discography,personal event,arena,sports manager,,SukhSagar International Educational & Charitable Trust (Regi) was founded by Dr. Raman Sukhsagar ji to promote quality education to poor aspirants and others. It is situated in Western Uttar Pradesh in India close to the National Capital Region Delhi.,SukhSagar International Educational & Charitable Trust,http://en.wikipedia.org/wiki/SukhSagar_International_Educational_&_Charitable_Trust
685987187,false,finalized,3,3/8/2015 03:30:17,other,1.0,"name
religion
word|city name",comics,artwork,rally driver,Historical settlement,World Heritage Site,motocycle racer,noble,bone,natural event,canadian football league,,Swetang is an Indian originated name. Shwetang/Shvetang/Swetang all are the synonym of the name. Swetang is one of name given to great lord Ganesha. Swetang means someone with white skin.,Swetang,http://en.wikipedia.org/wiki/Swetang
685987188,false,finalized,3,3/8/2015 03:35:19,City,0.6667,jewelery,City,military unit,Country,chemical element,drama,nerve,cartoon,radio host,criminal,period of artistic style,,"In the village of Chandanpet just outside Hyderabad, almost the entire population is engaged in the delicate art of drilling pearls. A skill they have practiced for generations, making Hyderabad one of the largest drilling centres in India.",Hyderabad Pearls,http://en.wikipedia.org/wiki/Hyderabad_Pearls
685987189,false,finalized,3,3/8/2015 03:30:55,Person,1.0,"",Person,topical concept,Position,ProvinceOrState,Country,speedway team,Treadmill,boxing,locomotive,stadium,,"Wu Yi (Chinese: 武乙) was king of the Shang Dynasty of ancient China from 1147 to 1112 BC. His given name was Qu (瞿). According to the Bamboo Annals, his capital was at Yin. He was a son of his predecessor Geng Ding and father of King Wen Ding.In the 21st year of his reign, the Zhou leader Koufu (口父) died.In the 24th year of the regime of Wu Yi, Zhou attacked Cheng (程) at Bi (毕) and defeated Bi.In the 30th year, Zhou attacked Yiqu (义渠) and captured the king of Yiqu.",Wu Yi of Shang,http://en.wikipedia.org/wiki/Wu_Yi_of_Shang
685987190,false,finalized,3,3/8/2015 03:43:42,other,0.6667,"notation
data representation format",Facility,Food,Country,Installment,natural place,light novel,government agency,memorial,record label,planet,,ISO 8601 has been adopted as BIS IS 7900:2001 (Data elements and interchange formats – Information interchange – Representation of dates and times - first revision),Date and time notation in India,http://en.wikipedia.org/wiki/Date_and_time_notation_in_India
685987191,false,finalized,3,3/8/2015 03:43:42,other,0.6667,"sports team
spots team",Person,department,Position,SportsGame,SportsLeague,SportsEvent,Organization,Facility,university,presenter,,"The Georgia Southern Eagles baseball team is the intercollegiate baseball team representing Georgia Southern University. It began in 1933. The program competes in NCAA Division I. The team is led by head coach Rodney Hennon, who is in his 11th year at Georgia Southern. The Eagles are part of the Southern Conference (SoCon).",Georgia Southern Eagles baseball,http://en.wikipedia.org/wiki/Georgia_Southern_Eagles_baseball
685987192,false,finalized,3,3/8/2015 03:26:12,Company,1.0,"",Technology,academic journal,IndustryTerm,City,Company,Country,Songwriter,motorcycle racing league,locomotive,divorce,,"IBM India Research Laboratory (IRL) is one of IBM's eight major worldwide research laboratories. It was established in 1998 in Delhi, India.Some of the aims of the laboratory are to develop solutions for digital data, computers and mobile phones.The research areas of the lab are Mobile Enabled Emerging Solutions: Developing industry-specific solutions and helping bridge the digital divide through innovative technologies.",IBM India Research Laboratory,http://en.wikipedia.org/wiki/IBM_India_Research_Laboratory
685987193,false,finalized,3,3/8/2015 03:35:19,other,0.6667,"fictional place
fictional place",ProvinceOrState,sports event,Person,Country,auto racing league,tennis player,surfer,serial killer,soccer club,case,,"The Marabar Caves are fictional caves in the novel A Passage to India and the film of the same name. The caves are based on the real life Barabar Caves located in the Jehanabad District of Bihar, India. They serve as an important plot location and motif in the novel. Key features of the caves are the glass smooth walls and a peculiar resonant echo magnifying any sound made in the caves.Among many others, the main characters, Mrs. Moore, Adela Quested, and Dr.",Marabar Caves,http://en.wikipedia.org/wiki/Marabar_Caves
685987194,false,finalized,3,3/8/2015 03:01:44,Person,1.0,"",Person,train station,Country,Facility,City,temple,mixed martial arts event,basketball player,cultivar (cultivated variety),municipality,,"Muhammad Qasim Sadiq, also known as Baba Ji Sarkar (1842? - November 21, 1943) was a Sufi saint who died at the town of Mohra Sharif, near the hill station Murree, now located in Pakistan. His urs is held at this location.",Muhammad Qasim Sadiq,http://en.wikipedia.org/wiki/Muhammad_Qasim_Sadiq
685987195,false,finalized,3,3/8/2015 03:03:56,SportsLeague,0.6784,"",SportsLeague,district water board,Person,Organization,play,radio-controlled racing league,cycling league,canal,member of parliament,basketball team,,"The 2013 Brooklyn Italians season will be the club's 65th season of existence, and their third consecutive season in the National Premier Soccer League, the fourth division of both the American and Canadian soccer pyramids.",2013 Brooklyn Italians season,http://en.wikipedia.org/wiki/2013_Brooklyn_Italians_season
685987196,false,finalized,3,3/8/2015 03:02:56,Person,0.3473,"",Person,solar eclipse,Position,cemetery,memorial,Legal Case,baseball team,road tunnel,canadian football team,ginkgo,,"Historically, a Kapitan Keling was a representative of the Indian community in a South East Asian city, similar to the more widespread office of the ""Kapitan Cina"" for the Chinese community. ""Keling"" is a Malay term for people of Indian origin, nowadays considered offensive but was not so regarded historically.Cauder Mohideen was the first Kapitan Keling of Penang.",Kapitan Keling,http://en.wikipedia.org/wiki/Kapitan_Keling
685987197,false,finalized,3,3/8/2015 03:03:28,Position,0.3659,"",ProvinceOrState,rocket,Position,City,Country,image,Mill,Painting,rower,brain,,"The Nityananda sex scandal refers to a video of godman Swami Nithyananda in a compromising position with Tamil actress Ranjitha in the godman's ashram in Bidadi. Telecasted by the Tamil television Sun TV on 3 March 2010, the video created a furore in India. Nityananda was eventually arrested in Himachal Pradesh on April 21, 2010 and brought to Bangalore where he stood trial for rape and unnatural sex. Zee News later listed this episode in the top five sex-scandals in India.",Nityananda sex scandal,http://en.wikipedia.org/wiki/Nityananda_sex_scandal
685987198,false,finalized,3,3/8/2015 03:39:48,ProvinceOrState,0.6957,community,ProvinceOrState,sports manager,racecourse,radio-controlled racing league,politician spouse,historical period,serial killer,comics creator,train,celestial body,,The Bodh people are a community found in Himachal Pradesh.,Bodh people,http://en.wikipedia.org/wiki/Bodh_people
685987199,false,finalized,3,3/8/2015 03:03:39,SportsLeague,0.6667,"",Organization,animanga character,ProvinceOrState,Country,SportsGame,SportsLeague,City,Position,chancellor,divorce,,"For information on all United States Naval Academy sports, see Navy MidshipmenThe Navy Midshipmen baseball team is a varsity intercollegiate athletic team of the United States Naval Academy in Annapolis, Maryland, USA. The team is a member of the Patriot League, which is part of the National Collegiate Athletic Association's Division I. Navy's first baseball team was fielded in 1893. The team plays its home games at Terwilliger Brothers Field at Max Bishop Stadium in Annapolis, Maryland.",Navy Midshipmen baseball,http://en.wikipedia.org/wiki/Navy_Midshipmen_baseball
685987200,false,finalized,3,3/8/2015 03:47:40,Organization,0.68,company,Region,line of fashion,Organization,City,IndustryTerm,ProvinceOrState,military unit,golf tournament,non-profit organisation,Ocean,,"Prospect Electricity was the state-owned corporation owned by the Government of New South Wales responsible for retailing electricity to consumers in the Greater Western Sydney region between 1991 and 1996.It was originally founded in 1957 as the Prospect County Council, as a spin-off from the Sydney County Council, which was responsible for supplying electricity to much of the eastern half of Sydney. As with the Sydney County Council, it was initially controlled by local councils in the area.",Prospect Electricity,http://en.wikipedia.org/wiki/Prospect_Electricity
685987201,true,golden,14,"",Company,0.8904,"manufacturers
missile",Country,death,Company,entomologist,radio program,Stated Resolution,archaea,Archive,athletics player,government agency,"Company
other","Aérospatiale-Matra was a French missile and aircraft manufacturer. It was formed in 1999 by the merger of French companies Aérospatiale and Matra Haute Technologie. It was short-lived as a company; on July 10, 2000, it merged with DaimlerChrysler Aerospace AG (DASA) of Germany and Construcciones Aeronáuticas SA (CASA) of Spain to form EADS.",Aérospatiale-Matra,http://en.wikipedia.org/wiki/Aérospatiale-Matra
685987202,false,finalized,3,3/8/2015 03:03:28,SportsEvent,0.6341,"",SportsGame,drama,SportsEvent,Country,SportsLeague,Facility,City,unit of work,radio-controlled racing league,clerical order,,"The Big East Conference was a collegiate athletics conference that consisted of as many as 16 universities in the eastern half of the United States from 1979 to 2013. The conference's members participated in 24 NCAA sports. Three members had football programs but were not Big East football schools: Notre Dame football was independent while Georgetown and Villanova competed in the Football Championship Subdivision. Another five schools—DePaul, Marquette, Seton Hall, St.",Big East Conference (1979–2013),http://en.wikipedia.org/wiki/Big_East_Conference_(1979–2013)
685987203,false,finalized,3,3/8/2015 03:26:12,other,0.72,"war resistance group
group of persons",Country,topical concept,photographer,hockey team,river,penalty shoot-out,gridiron football player,career station,Singer,award,,"The French Resistance (French: la Résistance ""the Resistance"") is the name used to denote the collection of French resistance movements that fought against the Nazi German occupation of France and against the collaborationist Vichy régime during World War II.",French Resistance,http://en.wikipedia.org/wiki/French_Resistance
685987204,false,finalized,3,3/8/2015 03:27:48,other,1.0,"conference
great northwest athletic conference
athletic conference",ProvinceOrState,royalty,Region,Country,City,sculptor,Government Type,Organ,presenter,saint,,"The Great Northwest Athletic Conference (GNAC) is a collegiate athletic conference which has historically operated in the northwestern United States, but also currently includes four schools in areas not usually considered part of that region—two in Alaska (neither of which is located in Southeast Alaska, an area often considered part of the Northwest), one in eastern Montana (almost never considered part of the region), and one in the Canadian province of British Columbia (an area included with the Northwest U.S. ",Great Northwest Athletic Conference,http://en.wikipedia.org/wiki/Great_Northwest_Athletic_Conference
685987205,false,finalized,3,3/8/2015 03:03:39,other,0.7083,"people
civilization",City,municipality,ProvinceOrState,Capital of region,train station,cave,host,adult (pornographic) actor,galaxy,competition,,"The Kassites were an ancient Near Eastern people who controlled Babylonia after the fall of the Old Babylonian Empire ca. 1531 BC and until ca. 1155 BC (short chronology).The Kassites gained control of Babylonia after the Hittite sack of the city in 1595 BC (i.e. 1531 BC per the short chronology), and established a dynasty based in Dur-Kurigalzu.",Kassites,http://en.wikipedia.org/wiki/Kassites
685987206,false,finalized,3,3/8/2015 03:47:40,other,1.0,"devine
god
god",muscle,surname,World Heritage Site,Theatre director,square,law firm,criminal,mountain range,convention,species,,"Kubera (Sanskrit: कुबेर, Pali/later Sanskrit: Kuvera) also spelt Kuber, is the Lord of Wealth and the god-king of the semi-divine Yakshas in Hindu mythology. He is regarded as the regent of the North (Dik-pala), and a protector of the world (Lokapala). His many epithets extol him as the overlord of numerous semi-divine species and the owner of the treasures of the world.",Kubera,http://en.wikipedia.org/wiki/Kubera
685987207,false,finalized,3,3/8/2015 03:30:55,other,0.6667,"organization
organisation",Region,wine,Country,criminal,shrine,linguist,Nuclear Power plant,competition,board game,magazine,,The Mid-Eastern Athletic Conference (MEAC) is a collegiate athletic conference of historically black colleges and universities (HBCUs) in the Southeastern United States.,Mid-Eastern Athletic Conference,http://en.wikipedia.org/wiki/Mid-Eastern_Athletic_Conference
685987208,false,finalized,3,3/8/2015 03:30:55,other,0.6667,"event
historical event",Region,district,Organization,waterway tunnel,work,abbey,chef,E4 Period,bullfighter,spacecraft,,"The Mỹ Lai Massacre (Vietnamese: thảm sát Mỹ Lai [tʰɐ̃ːm ʂɐ̌ːt mǐˀ lɐːj], [mǐˀlɐːj] ; /ˌmiːˈlaɪ/, /ˌmiːˈleɪ/, or /ˌmaɪˈlaɪ/) was the Vietnam War mass murder of between 347 and 504 unarmed civilians in South Vietnam on March 16, 1968. It was committed by the U.S. Army soldiers from the Company C of the 1st Battalion, 20th Infantry Regiment, 11th Brigade of the 23rd (Americal) Infantry Division. Victims included men, women, children, and infants.",My Lai Massacre,http://en.wikipedia.org/wiki/My_Lai_Massacre
685987209,false,finalized,3,3/8/2015 03:09:52,Organization,0.6784,sport league,Organization,country,Region,Country,national soccer club,volleyball league,historical period,arena,road,mountain range,,The Patriot League is a collegiate athletic conference comprising private institutions of higher education and two United States service academies based in the Northeastern United States.,Patriot League,http://en.wikipedia.org/wiki/Patriot_League
685987210,false,finalized,3,3/8/2015 03:03:56,SportsLeague,1.0,"",ProvinceOrState,Street,Country,Organization,SportsLeague,Region,SportsEvent,periodical literature,soccer player,micro-region,,"The Pioneer Football League is a collegiate athletic conference which operates in the East, Midwest, and California of the United States. It has member schools that range from New York, North Carolina, and Florida in the east to California in the west. The conference participates in the NCAA's Division I Football Championship Subdivision (FCS) as a football-only conference.",Pioneer Football League,http://en.wikipedia.org/wiki/Pioneer_Football_League
685987211,false,finalized,3,3/8/2015 03:08:59,other,0.6205,"article biblic
character",Person,stream,sea,Eurovision song contest entry,brown dwarf,national collegiate athletic association athlete,basketball player,soccer club,boxing category,host,,"Shamgar, son of Anath (Hebrew: שמגר בן־ענת‎) is the name of one or possibly two individuals named in the Book of Judges.",Shamgar,http://en.wikipedia.org/wiki/Shamgar
685987212,false,finalized,3,3/8/2015 03:08:59,SportsEvent,0.3795,conference,SportsLeague,train station,SportsEvent,work,trade union,congressman,Election,comic strip,green alga,boxing,,"The Western Athletic Conference (WAC) is an American collegiate athletic conference affiliated with the National Collegiate Athletic Association (NCAA) Division I which was formed on July 27, 1962.",Western Athletic Conference,http://en.wikipedia.org/wiki/Western_Athletic_Conference
685987213,false,finalized,3,3/8/2015 03:03:39,Organization,1.0,"",Organization,university,City,chemical element,group,national football league season,book,boxing,square,presenter,,"The Zapatista Army of National Liberation (Ejército Zapatista de Liberación Nacional, EZLN), often referred to as the Zapatistas, is a revolutionary leftist group based in Chiapas, the southernmost state of Mexico.Since 1994, the group has been in a declared war ""against the Mexican state"", although this war has been primarily defensive, against military, paramilitary and corporate incursions into Chiapas.[citation needed] In recent years, it has been focused on a strategy of civil resistance.",Zapatista Army of National Liberation,http://en.wikipedia.org/wiki/Zapatista_Army_of_National_Liberation
685987214,false,finalized,3,3/8/2015 03:14:24,Person,1.0,"",ProvinceOrState,sports manager,Position,Person,sea,australian football league,hotel,Mill,cardinal,senator,,"Ariarathes X, surnamed Eusebes Philadelphos, ""Pious, brother-loving"" (Ancient Greek: Ἀριαράθης Εὐσεϐής Φιλάδελφος, Ariaráthēs Eusebḗs Philádelphos), was the king of Cappadocia from ca. 42 BC to 36 BC. He was of Persian and Greek ancestry. His father was King Ariobarzanes II of Cappadocia and his mother was Queen Athenais. He became king after his brother Ariobarzanes III Philoromaios was killed.",Ariarathes X of Cappadocia,http://en.wikipedia.org/wiki/Ariarathes_X_of_Cappadocia
685987215,false,finalized,3,3/8/2015 03:30:17,Company,1.0,"",Company,inline hockey league,Currency,GeneLocation,shrine,bowling league,artwork,natural region,beer,boxing league,,Basell Polyolefins was a joint venture between BASF and Royal Dutch Shell. Leonard Blavatnik's Access Industries acquired it from the venturers for $5.7 billion in August 2005.,Basell Polyolefins,http://en.wikipedia.org/wiki/Basell_Polyolefins
685987216,false,finalized,3,3/8/2015 03:03:56,Company,1.0,"",Company,host,Country,IndustryTerm,Region,cave,hotel,cyclist,music composer,space mission,,"The Commercial Bank of Australia (CBA, 1866 – 1982) was an Australian and New Zealand retail bank which merged into the Bank of New South Wales bank in 1982, to form Westpac. In New Zealand it was one of the partners in Databank Systems Limited, formed in 1967-68 to provide computer resources for New Zealand trading banks. The bank was known as the CBA, but that should not be confused with the Commonwealth Bank which is called the CBA today.",Commercial Bank of Australia,http://en.wikipedia.org/wiki/Commercial_Bank_of_Australia
685987217,false,finalized,3,3/8/2015 03:06:47,SportsLeague,0.6667,"",SportsLeague,radio program,Organization,Country,SportsEvent,hotel,MouseGene,galaxy,protein,prison,,Division I (D-I) is the highest level of intercollegiate athletics sanctioned by the National Collegiate Athletic Association (NCAA) in the United States.,Division I (NCAA),http://en.wikipedia.org/wiki/Division_I_(NCAA)
685987218,false,finalized,3,3/8/2015 03:43:42,other,1.0,"company
company
railway company",Region,continent,Country,Currency,City,lymph,train station,ideology,plant,educational institution,,"The East Indian Railway Company, later known as the East Indian Railway (EIR), introduced railways to eastern and northern India, while the Companies such as the Great Indian Peninsular Railway, South Indian Railway, Central India Railway and the North-Western Railway operated in other parts of India. The company was established 1 June 1845 in London by a deed of settlement with a capital of £4,000,000, largely raised in London.",East Indian Railway Company,http://en.wikipedia.org/wiki/East_Indian_Railway_Company
685987219,false,finalized,3,3/8/2015 03:09:52,IndustryTerm,0.6784,company,IndustryTerm,letter,martial artist,king of Poland,chemical compound,classical music composition,Band,back scene,scuola,Wind motor,,"G.D. Searle & Company or just Searle was a company focusing on life sciences, specifically pharmaceuticals, agriculture, and animal health. It is now part of Pfizer.",G. D. Searle & Company,http://en.wikipedia.org/wiki/G._D._Searle_&_Company
685987220,false,finalized,3,3/8/2015 03:06:47,Person,0.6667,crime,Person,diploma,City,Position,olympic event,television season,Pyramid,project,dam,baseball season,,"The Geeta and Sanjay Chopra kidnapping case was a notorious crime in New Delhi in 1978. Two children, Geeta and Sanjay Chopra, were kidnapped by two young men, Ranga Khus (Kuljeet Singh) and Billa (Jasbir Singh), who planned to demand ransom from their parents. On finding that their father was a naval officer, they dropped the idea. To eliminate evidence, they subsequently murdered Sanjay, raped Geeta and then killed her as well. They then fled the city.",Geeta and Sanjay Chopra kidnapping case,http://en.wikipedia.org/wiki/Geeta_and_Sanjay_Chopra_kidnapping_case
685987221,false,finalized,3,3/8/2015 03:01:44,Organization,0.375,event,Organization,broadcaster,Country,Person,mixed martial arts league,project,manga,E4 Period,newspaper,gymnast,,"The Italian participation in the Eastern Front during World War II began after the launch of Operation Barbarossa on 22 June 1941. Barbarossa was the German war against the Soviet Union. To show solidarity with the Germans, Italian dictator Benito Mussolini ordered a contingent of the Italian Royal Army to be prepared for the Eastern Front and, by early July, an Italian force was in transport.",Italian participation in the Eastern Front,http://en.wikipedia.org/wiki/Italian_participation_in_the_Eastern_Front
685987222,false,finalized,3,3/8/2015 03:30:17,Organization,1.0,"",Organization,cycling competition,Position,country estate,arena,formula 1 team,television station,golf player,monastery,death,,"Judge Advocate General's Corps, also known as JAG or JAG Corps, refers to the legal branch or specialty of a military concerned with military justice and military law. Officers serving in a JAG Corps are typically called Judge Advocates.Judge Advocates serve primarily as legal advisors to the command to which they are assigned. In this function, they can also serve as the personal legal advisor to their commander.",Judge Advocate General's Corps,http://en.wikipedia.org/wiki/Judge_Advocate_General's_Corps
685987223,false,finalized,3,3/8/2015 03:01:44,Product,1.0,"",Company,cyclist,Product,Position,Person,research project,rower,place,administrative region,music festival,,"The Nissan Clipper nameplate has been used for two separate commercial vehicle ranges. Originally this was just a relabelled version of Prince's ""Clipper"" light/medium duty commercial vehicle range. In 2003 the nameplate was revived for a relabelled version of the Mitsubishi Minicab, a Kei truck provided in an OEM deal.",Nissan Clipper,http://en.wikipedia.org/wiki/Nissan_Clipper
685987224,false,finalized,3,3/8/2015 03:03:27,model,0.6538,vehicle,Company,classical music artist,Position,Person,castle,natural region,airline,model,formula 1 team,World Heritage Site,,"The Prince Homer was a small commercial vehicle manufactured by the now defunct Prince Motor Company. It was available as a van, called the Homy, a double cab, or regular cab truck. The first model was known as the T64, and was sold as the Prince Homer or PMC T64. The T640 was introduced in 1966 and was sold as a Nissan (without any modifications aside from badging) due to Prince merging with Nissan.",Prince Homer,http://en.wikipedia.org/wiki/Prince_Homer
685987225,false,finalized,3,3/8/2015 03:27:48,Product,0.64,vehicle,Company,country,Facility,Product,IndustryTerm,collection of valuables,historic building,rugby league,Street,mayor,,"Ursaab, also known as 92001 and X9248, was the first of four prototype cars made by Saab AB, which at that time was solely an aeroplane manufacturer, leading to production of the first Saab car, the Saab 92 in 1949. The car is now in the Saab Car Museum in Trollhättan. The name ""Ursaab"" means ""original Saab"".",Ursaab,http://en.wikipedia.org/wiki/Ursaab
685987226,false,finalized,3,3/8/2015 03:02:56,other,0.6849,"season
football",Country,ginkgo,Songwriter,parliament,cycling race,MouseGeneLocation,Australian rules football player,horse race,river,Satellite,,The 2003–04 season was the 124th season of Association football in England.,2003–04 in English football,http://en.wikipedia.org/wiki/2003–04_in_English_football
685987227,false,finalized,3,3/8/2015 03:09:52,Product,1.0,"",Company,host,Product,MedicalCondition,Position,book,motorsport season,case,wine,military person,,"The Essex V4 was a 60° V4 engine from Ford Motor Company made at the plant in Essex. The engine was available in two capacities, 1663 cc and 1996 cc, differing only in stroke. This engine was used on the Ford Corsair, Capri Mk I, Consul/Granada Mk I, Ford Zephyr 4 Mk IV and certain early models of the Ford Transit van.",Ford Essex V4 engine,http://en.wikipedia.org/wiki/Ford_Essex_V4_engine
685987228,false,finalized,3,3/8/2015 03:26:12,other,0.72,"season
sport event",Country,archaea,horse trainer,sport,volleyball player,ship,subway station,parliament,classical music composition,life cycle event,,The 2002-03 season was the 123rd season of competitive football in England.,2002–03 in English football,http://en.wikipedia.org/wiki/2002–03_in_English_football
685987229,false,finalized,3,3/8/2015 03:03:56,Organization,1.0,"",SportsLeague,protohistorical period,Organization,City,Country,penalty shoot-out,ArtificialSatellite,sports league,sports team,Globular Swarm,,"The Danish Football Association (DBU) (Danish: Dansk Boldspil-Union; DBU) is the governing body of football in Denmark. It is the organization of the Danish football clubs and runs the professional Danish football leagues and the men's and women's national teams. It is based in the city of Brøndby and is a founding member of both FIFA and UEFA. From 2008, the DBU is also the governing body of futsal in Denmark.",Danish Football Association,http://en.wikipedia.org/wiki/Danish_Football_Association
685987230,false,finalized,3,3/8/2015 03:03:28,other,0.6585,"soccer association
association",sales,Grand Prix,prison,fencer,moss,historic place,religious,birth,office holder,arena,,College soccer is association football played by teams who are operated by colleges and universities as opposed to a professional league operated for exclusively financial purposes.,College soccer,http://en.wikipedia.org/wiki/College_soccer
685987231,false,finalized,3,3/8/2015 03:03:39,Product,0.7083,aircraft,Product,given name,Company,Organisation member,Playboy Playmate,multi volume publication,launch pad,american football coach,organisation,continent,,"The Aero Ae 02 was the first fighter aircraft to be designed and built in Czechoslovakia, first flying in 1920.Designed by Husnik and Vlasak, it was of conventional biplane configuration. The orthodox two spar upper wing was straight, without dihedral and constructed in one piece, was supported above the fuselage on two sets of outward sloping N struts and an inverted V cabane. The lower wing was in two sections attached to stub 'winglets' on the fuselage.",Aero Ae 02,http://en.wikipedia.org/wiki/Aero_Ae_02
685987232,false,finalized,3,3/8/2015 03:14:24,Organization,1.0,"",Organization,Document Type,ProvinceOrState,Country,soccer player,park,natural region,HumanGene,museum,politician spouse,,Tribal Youth Federation (in Bengali Upajati Juba Federation) is an organization affiliated to Democratic Youth Federation of India in Tripura. TYF organizes youth from the tribal populations of the state. TYF has a separate central committee and publishes Bini Kharad (Our Voice).,Tribal Youth Federation,http://en.wikipedia.org/wiki/Tribal_Youth_Federation
685987233,false,finalized,3,3/8/2015 03:26:12,Organization,1.0,"",Organization,conifer,Company,military structure,president,journalist,sports team,paintball league,religious building,manhua,,Apacbiotech PVT LTD is a Indian Cancer Research Center in Gurgaon.,DK Leather,http://en.wikipedia.org/wiki/DK_Leather
685987234,false,finalized,3,3/8/2015 03:39:48,SportsLeague,1.0,"",Product,fish,SportsLeague,Company,gross domestic product per capita,Stated Resolution,psychologist,route of transportation,jockey (horse racer),Polyhedron,,"FIBA SuproLeague was the FIBA professional club basketball Champions' Cup for the 2000–01 season. Up until that season, there was one cup, the FIBA European Champions' Cup (which is now called the Euroleague), though in this season of 2000–01, the leading European teams split into two competitions: the FIBA SuproLeague and Euroleague Basketball Company's Euroleague 2000–01.",FIBA SuproLeague,http://en.wikipedia.org/wiki/FIBA_SuproLeague
685987235,false,finalized,3,3/8/2015 03:14:24,Country,0.64,era,Country,boxing style,Wind motor,instrumentalist,skyscraper,table tennis player,film festival,religious building,television show,manhwa,,"Medieval India refers to the Postclassical Era, i.e. 8th to 18th century CE in the Indian subcontinent. It is divided into two periods: The 'early medieval period' which lasted from the 8th to the 13th century and the 'late medieval period' which lasted from the 13th to the 18th century in some definitions, though many end the period with the start of the Mughal Empire in 1526.",Medieval India,http://en.wikipedia.org/wiki/Medieval_India
685987236,false,finalized,3,3/8/2015 03:02:56,Organization,1.0,"",Person,image,ProvinceOrState,Position,NaturalFeature,Organization,Country,television episode,dancer,place,,"Shiv Sadan is a large farm and spiritual community in Uttar Pradesh, India, on the shores of the Ganges.At the time of its development in the late 1980s by Sikh spiritual leader Baba Virsa Singh Ji (Babaji), no one believed that such an area could be farmed successfully. The area was a sandy, alkaline, treeless wasteland that was prone to flooding, and had been condemned by the Indian government.",Shiv Sadan,http://en.wikipedia.org/wiki/Shiv_Sadan
685987237,false,finalized,3,3/8/2015 03:06:47,other,0.3333,engines,IndustryTerm,single,Company,airline,Listen,building,chess player,time period,historian,Annotation,,"Volvo Cars has a long reputation as a maker of inline (or straight) engines. This list of Volvo engines gives an overview of available internal combustion engines.When Volvo started in 1927, they ordered their engines from the engine manufacturer Penta in Skövde. The first engine was the inline four-cylinder side-valve 28 horsepower (21 kW; 28 PS) Type DA.",List of Volvo engines,http://en.wikipedia.org/wiki/List_of_Volvo_engines
685987238,false,finalized,3,3/8/2015 03:43:42,Company,0.6667,"",Organization,handball league,IndustryTerm,ProvinceOrState,Region,Company,gridiron football player,radio program,motorcycle,coach,,The Electricity Trust of South Australia (ETSA) was the South Australian Government-owned monopoly vertically integrated electricity provider. Its controversial privatisation in 1999 was one of the most important political events in recent South Australian history.,Electricity Trust of South Australia,http://en.wikipedia.org/wiki/Electricity_Trust_of_South_Australia
685987239,false,finalized,3,3/8/2015 03:27:48,other,0.72,"rule of the dukes
ruler",City,muscle,Country,radio-controlled racing league,death,family,collection of valuables,canadian football player,university,activity,,"The Rule of the Dukes was an interregnum in the Lombard Kingdom of Italy (574/5–584/5) during which Italy was ruled by the Lombard dukes of the old Roman provinces and urban centres. The interregnum is said to have lasted ten years according to Paul the Deacon, but all other sources—the Fredegarii Chronicon, the Origo Gentis Langobardorum, the Chronicon Gothanum, and the Copenhagen continuator of Prosper Tiro—accord it twelve.",Rule of the Dukes,http://en.wikipedia.org/wiki/Rule_of_the_Dukes
685987240,false,finalized,3,3/8/2015 03:39:48,other,1.0,"sportsgame
sport
sport|agricultural",ProvinceOrState,water ride,Country,City,publisher,software,death,protected area,Nobel Prize,Television director,,"Bull or Buffalo racing (""Kala or Pothu poottu matsaram"") is an agricultural spectator sport held in Kerala, India for thousands of years.",Buffalo racing in Kerala,http://en.wikipedia.org/wiki/Buffalo_racing_in_Kerala
685987241,false,finalized,3,3/8/2015 03:01:44,SportsLeague,1.0,"",SportsLeague,chancellor,Organization,Country,SportsGame,year,anime,beverage,handball player,fictional character,,"The Montgomeryshire Football League (currently the The JT Hughes Football League) is a football league in Mid Wales, sitting at the fifth and sixth levels of the Welsh football league system.The league hosts several cup competitions: Emrys Morgan Cup, Montgomeryshire Cup, Village Cup, League Cup and Consolation Cup.Teams promoted from Division One may enter the Mid Wales League if standards and facilities fall into line with the regulations of the Mid Wales League.Currently one team is from just over the border in England — Trefonen.",Montgomeryshire Football League,http://en.wikipedia.org/wiki/Montgomeryshire_Football_League
685987242,false,finalized,3,3/8/2015 03:30:55,other,1.0,"government program
political programme
political programm",Organization,music festival,IndustryTerm,Biomolecule,Organisation member,chancellor,rugby league,volcano,politician spouse,British royalty,,"15 point Programme for minorities is a controversial programme approved by Indian government in 2006 for welfare of religious minorities. It ran into controversies with the principal opposition party Bharatiya Janata Party charging the UPA government of communal budgeting, minority appeasment, religious discrimination and vote bank politics. The Central government has allocated 15% of plan outlays for implementation of the 15 points.",15 point Programme for minorities,http://en.wikipedia.org/wiki/15_point_Programme_for_minorities
685987243,false,finalized,3,3/8/2015 03:27:48,other,0.36,mios,IndustryTerm,judge,Company,Country,artist discography,artist,chemical element,demographics,lieutenant,boxing,,MIOS or Meter Inter Operability Solution is a specification for inter operability of electric meters for remote meter reading applications in India proposed by IEEMA and is developed and maintained by Metering India which is a group of Meter Manufacturers.,MIOS,http://en.wikipedia.org/wiki/MIOS
685987244,false,finalized,3,3/8/2015 03:01:44,Product,0.6667,"",Country,E4 Period,Product,club moss,guitarist,murderer,instrumentalist,island,activity,bodybuilder,,"The Mercedes-Benz Trucks L-series is a conventional layout, cab-after-engine truck manufactured from 1959 to 1995. In Germany it is most commonly referred to as the Kurzhauber (for ""short bonnet""). The engine intruded into the cabin underneath the windshield, all in the name of making a shorter truck to meet the strict period German regulations on overall length.",Mercedes-Benz L-series truck,http://en.wikipedia.org/wiki/Mercedes-Benz_L-series_truck
685987245,false,finalized,3,3/8/2015 03:35:19,MedicalCondition,1.0,"",MedicalCondition,Painting,IndustryTerm,Country,media,sales,agglomeration,royalty,reptile,public service input,,"Obesity has reached epidemic proportions in India in the 21st century, with morbid obesity affecting 5% of the country's population. India is following a trend of other developing countries that are steadily becoming more obese. Unhealthy, processed food has become much more accessible following India's continued integration in global food markets.",Obesity in India,http://en.wikipedia.org/wiki/Obesity_in_India
685987246,false,finalized,3,3/8/2015 03:03:39,other,0.7083,"surname
surname",City,military conflict,Country,Person,astronaut,city district,Ocean,continent,Place in the Music Charts,psychologist,,"Parkhi is an uncommon surname of Deshastha Rigvedi Brahmins. The common Gotra found in Parkhis is Harita/Haritas. They are mostly located in Pune and Nagpur.Other Parkhis are also found in Mumbai, Thane, Nashik, Dombivali and abroad in the United States and United Kingdom.Chandu Parkhi is one the most notable person with surname Parkhi.Sandeep Parkhi has designed the website for the Parkhi family in Nagpur.",Parkhi,http://en.wikipedia.org/wiki/Parkhi
685987247,false,finalized,3,3/8/2015 03:08:59,other,0.7048,"family name
family name|name",ProvinceOrState,currency,Region,Country,gene,bullfighter,bridge,country,island,competition,,"Maisnam (pronounced as ""meis - naam"") is a Meitei family name. Meiteis are people from Manipur, a state in north-eastern India. Maisnam is a sagei (surname/lastname/family) from the Luwang salai (clan), one of the seven salais of Manipur. The Luwang salai is equivalent to the Kashyap gotra (clan) in Hinduism.",Maisnam,http://en.wikipedia.org/wiki/Maisnam
685987248,false,finalized,3,3/8/2015 03:39:48,SportsGame,0.6522,"",SportsEvent,gridiron football player,SportsGame,Organization,City,Facility,SportsLeague,chess player,Community,enzyme,,"During the 2008–09 football season Portsmouth played their sixth consecutive season in the highest tier of English football, the Premier League. Thanks to the exploits of the previous season, Portsmouth achieved European football for the first time in their footballing history, thanks to an FA Cup win over Cardiff City; they competed in the UEFA Cup. They also participated in the Charity Shield, against Manchester United on 10 August 2008, at Wembley Stadium, eventually losing on penalties.",2008–09 Portsmouth F.C. season,http://en.wikipedia.org/wiki/2008–09_Portsmouth_F.C._season
685987249,false,finalized,3,3/8/2015 03:03:39,SportsLeague,1.0,"",SportsLeague,valley,multi volume publication,abbey,radio program,boxing style,dog,E4 Period,geopolitical organisation,ski resort,,Statistics of Austrian Football Bundesliga in the 1992/1993 season.,1992–93 Austrian Football Bundesliga,http://en.wikipedia.org/wiki/1992–93_Austrian_Football_Bundesliga
685987250,false,finalized,3,3/8/2015 03:30:55,other,1.0,"company
vehicle
vehicle manufacturer",IndustryTerm,curler,Person,penalty shoot-out,water polo player,board game,soccer tournoment,manhwa,Eurovision song contest entry,subway station,,"Kässbohrer Fahrzeugwerke was a German vehicle manufacturer in Ulm. Its products were buses, coaches, vehicle transporters, trailers and special vehicles like snow groomer vehicles.In 1893, Karl Kässbohrer founded the Wagenfabrik Kässbohrer in Ulm. In 1922, Kässbohrer developed a trailer for goods transport, having solid rubber wheels. When Karl Kässbohrer senior died, his sons, Karl junior and Otto Kässbohrer, took over the company.",Kässbohrer,http://en.wikipedia.org/wiki/Kässbohrer
685987251,false,finalized,3,3/8/2015 03:06:47,other,0.3333,car,IndustryTerm,boxing,Person,Position,Country,motocycle racer,fungus,Polyhedron,collection of valuables,board game,,"The 2005 Cadillac DTS Presidential State Car was the official state car used by President George W. Bush of the United States during his administration. Analogous to the President's use of an airplane designated Air Force One, the automobile—traditionally a limousine—is informally known as ""Cadillac One"". The limousine model was replaced on January 20, 2009, upon the inauguration of President Barack Obama, although both models are still in use.",2005 Cadillac DTS Presidential State Car (United States),http://en.wikipedia.org/wiki/2005_Cadillac_DTS_Presidential_State_Car_(United_States)
685987252,false,finalized,3,3/8/2015 03:39:48,SportsGame,0.3478,"",ProvinceOrState,table tennis player,City,Organization,Country,SportsGame,SportsLeague,Facility,country,place,,"For information on all University of North Carolina at Charlotte sports, see Charlotte 49ersThe Charlotte 49ers baseball team is a varsity intercollegiate athletic team of the University of North Carolina at Charlotte in Charlotte, North Carolina, USA. The team is a member of Conference USA, which is part of the National Collegiate Athletic Association's Division I. Charlotte's first baseball team was fielded in 1979.",Charlotte 49ers baseball,http://en.wikipedia.org/wiki/Charlotte_49ers_baseball
685987253,false,finalized,3,3/8/2015 03:27:48,other,0.72,"baseball
sports program",Person,diploma,Position,SportsEvent,Company,castle,Instrument,village,tunnel,skier,,"The Coastal Carolina Chanticleers baseball program has been the university's most consistent program in terms of success. Head Coach Gary Gilmore (730-365-0 at CCU, 986-467-2 overall) has led the Chanticleers to 12 NCAA Regional appearances and two Super Regional appearances since being hired in 1996. The program has received #1 regional seeds on four occasions (2005, 2007, 2008, 2010) and won 50+ games in 2005, 2007, 2008, and 2010.",Coastal Carolina Chanticleers baseball,http://en.wikipedia.org/wiki/Coastal_Carolina_Chanticleers_baseball
685987254,false,finalized,3,3/8/2015 03:09:52,Organization,0.3618,team,SportsLeague,Australian rules football player,City,Organization,SportsEvent,SportsGame,Position,Facility,Person,ProvinceOrState,,"The Florida Gators softball team represents the University of Florida in the sport of softball. The Florida Gators compete in Division I of the National Collegiate Athletics Association (NCAA) and the Southeastern Conference (SEC). The Gators play their home games at Katie Seashole Pressly Softball Stadium on the university's Gainesville, Florida campus, and are currently led by head coach Tim Walton.",Florida Gators softball,http://en.wikipedia.org/wiki/Florida_Gators_softball
685987255,false,finalized,3,3/8/2015 03:03:28,SportsLeague,0.6341,baseball team,Organization,speedway rider,Facility,SportsLeague,Person,Country,ProvinceOrState,mythological figure,monument,beverage,,"For information on all Monmouth University sports, see Monmouth HawksThe Monmouth Hawks baseball team is a varsity intercollegiate athletic team of Monmouth University in West Long Branch, New Jersey, USA. The team is a member of the Metro Atlantic Athletic Conference, which is part of the National Collegiate Athletic Association's Division I. The team plays its home games at Monmouth Baseball Field in West Long Branch, New Jersey. The Hawks are coached by Dean Ehehalt.",Monmouth Hawks baseball,http://en.wikipedia.org/wiki/Monmouth_Hawks_baseball
685987256,false,finalized,3,3/8/2015 03:03:56,SportsLeague,0.6784,"",SportsLeague,Historical province,City,Person,Country,Organization,ProvinceOrState,Facility,Globular Swarm,town,,"For information on all Rider University sports, see Rider BroncsThe Rider Broncs baseball team is a varsity intercollegiate athletic team of Rider University in Lawrenceville, New Jersey, USA. The team is a member of the Metro Atlantic Athletic Conference, which is part of the National Collegiate Athletic Association's Division I. The team plays its home games at Sonny Pittaro Field in Lawrenceville, New Jersey. The Broncs are coached by Barry Davis.",Rider Broncs baseball,http://en.wikipedia.org/wiki/Rider_Broncs_baseball
685987257,false,finalized,3,3/8/2015 03:27:48,other,0.72,"soccer league
sports league",Organization,camera,light novel,plant,music director,currency,nerve,HorseRiding,wine region,cycling team,,Final league standings for the 1989 Western Soccer League season.,1989 Western Soccer League,http://en.wikipedia.org/wiki/1989_Western_Soccer_League
685987258,false,finalized,3,3/8/2015 03:26:12,other,0.64,"soccer league
soccer league",Organization,back scene,entomologist,chemical substance,law firm,soap character,animal,inline hockey league,mountain range,voice actor,,Final league standings for the 1991 American Professional Soccer League season.,1991 American Professional Soccer League,http://en.wikipedia.org/wiki/1991_American_Professional_Soccer_League
685987259,false,finalized,3,3/8/2015 03:35:19,Organization,0.6667,sports league,Organization,Historical settlement,canoeist,soap character,architectural structure,Desert,speedway rider,skater,architect,dog,,Final league standings for the 1992 American Professional Soccer League season.,1992 American Professional Soccer League,http://en.wikipedia.org/wiki/1992_American_Professional_Soccer_League
685987260,false,finalized,3,3/8/2015 03:09:52,other,0.6834,"sport league
sports",Company,beverage,military structure,cricket league,television show,album,green alga,soap character,classical music composition,period of artistic style,,This article is about 1996-2003 seasons of FC Seoul.,1996–2003 FC Seoul (Anyang LG Cheetahs) seasons,http://en.wikipedia.org/wiki/1996–2003_FC_Seoul_(Anyang_LG_Cheetahs)_seasons
685987261,false,finalized,3,3/8/2015 03:30:17,SportsLeague,1.0,"",SportsLeague,cyclist,Organization,City,company,aircraft,law firm,park,mayor,reptile,,"The 2009–10 season was Blackpool F.C.'s 103rd season (100th consecutive) in the Football League. It was also their third consecutive season in The Championship, the second tier of English football. The club won promotion, via the play-offs, to the Premier League for the first time, their 28th overall season in the top tier. Their victory over Cardiff City in the Final was the club's ninth victory in their last eleven games.",2009–10 Blackpool F.C. season,http://en.wikipedia.org/wiki/2009–10_Blackpool_F.C._season
685987262,false,finalized,3,3/8/2015 03:01:44,other,0.7083,"place
guvernmental office",ProvinceOrState,cricketer,IndustryTerm,Position,Country,City,boxing category,sport,boxing,agglomeration,,"The Consulate-General of India in Houston is a diplomatic mission of India in Houston. It serves Arkansas, Colorado, Kansas, Louisiana, Nebraska, Oklahoma, and Texas.The consulate opened in October 1995. The Consulate was previously located in Suite 600 of 3 Post Oak Central in the Uptown District. The space, which was the consulate's first location, had 11,353 square feet (1,054.7 m2) of space. In 2011 the consulate announced that it planned to outsource visa services.","Consulate-General of India, Houston","http://en.wikipedia.org/wiki/Consulate-General_of_India,_Houston"
685987263,false,finalized,3,3/8/2015 03:14:24,SportsEvent,0.72,"",SportsEvent,Organisation member,Organization,Facility,boxing style,moss,Sculpture,skater,badminton player,wine,,"The Celtic Football Club was established in 1887. The club have won the Scottish League Championship 45 times, the Scottish Cup 35 times and the Scottish League Cup 14 times. They also won the European Cup in 1967.The club has played more than 100 seasons in Scottish football. The table details the club's achievements in all national and European first team competitions for each completed season.",List of Celtic F.C. seasons,http://en.wikipedia.org/wiki/List_of_Celtic_F.C._seasons
685987264,false,finalized,3,3/8/2015 03:02:56,other,0.6849,"season|football season
sport",television host,screenwriter,film festival,Historical settlement,public service output,fashion designer,mountain,Playwright,movie genre,given name,,This article details Crewe Alexandra's 2010–11 season in League Two. This will be Crewe's 87th competitive season.,2010–11 Crewe Alexandra F.C. season,http://en.wikipedia.org/wiki/2010–11_Crewe_Alexandra_F.C._season
685987265,false,finalized,3,3/8/2015 03:47:40,SportsLeague,0.36,team,Person,rower,SportsLeague,ProvinceOrState,Organization,Country,Facility,volleyball coach,manga,book,,"For information on all University of Dayton sports, see Dayton FlyersThe Dayton Flyers baseball team is a varsity intercollegiate athletic team of the University of Dayton in Dayton, Ohio, USA. The team is a member of the Atlantic 10 Conference, which is part of the National Collegiate Athletic Association's Division I. The team plays its home games at Woerner Field in Dayton, Ohio. The Flyers are coached by Tony Vittorio.",Dayton Flyers baseball,http://en.wikipedia.org/wiki/Dayton_Flyers_baseball
685987266,false,finalized,3,3/8/2015 03:43:42,Organization,0.6667,"",Facility,building,ProvinceOrState,Organization,City,SportsEvent,SportsGame,SportsLeague,rocket,year in spaceflight,,"The Clarkson Golden Knights men's ice hockey team is a National Collegiate Athletic Association (NCAA) Division I college ice hockey program that represents Clarkson University. The Golden Knights have been a member of ECAC Hockey since 1962, and play their home games at Cheel Arena in Potsdam, New York.",Clarkson Golden Knights men's ice hockey,http://en.wikipedia.org/wiki/Clarkson_Golden_Knights_men's_ice_hockey
685987267,false,finalized,3,3/8/2015 03:08:59,other,1.0,"riot
incident
communal riots|communal violence",PublishedMedium,region,Satellite,horse race,ski area,table tennis player,mayor,congressman,cycad,case,,The 2006 Mangalore Riots were a set of riots in Mangalore triggered by an attack by Hindu activists on a van carrying cows for the slaughter house. Cows have always been revered religiously by the Hindu community.,2006 Mangalore riots,http://en.wikipedia.org/wiki/2006_Mangalore_riots
685987268,false,finalized,3,3/8/2015 03:26:12,other,0.72,"informatic language
official document",Country,website,population,soccer league,boxing style,governor,competition,automobile engine,fern,host,,Meta data and data standards or MDDS is the official document describing the standards for common metadata as part of India's National e-Governance Plan.,MDDS,http://en.wikipedia.org/wiki/MDDS
685987269,false,finalized,3,3/8/2015 03:35:19,other,0.6667,"archive
history",City,musical,Position,Person,Country,jockey (horse racer),television personality,lacrosse player,ice hockey player,galaxy,,"Sound and Picture Archives for Research on Women or SPARROW is an archive of Indian women's history located in Dahisar, Mumbai. The archive contains print, visual, photographic and film materials related to women's history in India. The archive, which was founded in 1988 by Tamil feminist writer C. S. Lakshmi, is the largest archive of women's history in India.The archive collects oral history, personal papers, recorded speeches, photographers, posters, songs, art work etc.",Sound and Picture Archives for Research on Women,http://en.wikipedia.org/wiki/Sound_and_Picture_Archives_for_Research_on_Women
685987270,false,finalized,3,3/8/2015 03:09:52,ProvinceOrState,0.6784,place,ProvinceOrState,legislature,Country,genre,mixed martial arts event,death,protected area,constellation,soccer club,Installment,,"Ariyalur division is a revenue division in the Ariyalur district of Tamil Nadu, India.",Ariyalur division,http://en.wikipedia.org/wiki/Ariyalur_division
685987271,false,finalized,3,3/8/2015 03:30:55,other,0.3333,baseball team,SportsGame,radio program,SportsLeague,City,Organization,Facility,Country,ProvinceOrState,Wind motor,model,,"For information on all Ball State University sports, see Ball State CardinalsThe Ball State Cardinals baseball team is a varsity intercollegiate athletic team of Ball State University in Muncie, Indiana, USA. The team is a member of the Mid-American Conference West division, which is part of the National Collegiate Athletic Association's Division I. Ball State's first baseball team was fielded in 1920. The team plays its home games at Ball Diamond in Muncie, Indiana.",Ball State Cardinals baseball,http://en.wikipedia.org/wiki/Ball_State_Cardinals_baseball
685987272,false,finalized,3,3/8/2015 03:14:24,other,0.36,disaster,City,Treadmill,ProvinceOrState,Country,Christian Bishop,novel,rower,medician,Historical region,family,,The 2013 Mumbai building collapse occurred on 27 September 2013 when a five-story building collapsed in the Mazagaon area of Mumbai city in Maharashtra a state in India. At least 61 people died and 32 others were injured in the disaster.,2013 Mumbai building collapse,http://en.wikipedia.org/wiki/2013_Mumbai_building_collapse
685987273,false,finalized,3,3/8/2015 03:35:19,Facility,1.0,"",Facility,actor,Person,City,Position,baseball league,natural region,lieutenant,digital camera,drama,,"The Diwan-i-Am, or Hall of Audience, located in the Red Fort of Delhi was where the Mughal emperor Shah Jahan (1628-1658) and his successors received members of the general public and heard their grievances.The inner main court to which the Nakkar Khana led was 540 feet broad, 420 feet deep, and surrounded by arcade galleries, where chieftains (umaras) on duty were posted.",Diwan-i-Am (Red Fort),http://en.wikipedia.org/wiki/Diwan-i-Am_(Red_Fort)
685987274,false,finalized,3,3/8/2015 03:30:17,other,0.6327,"place
place|palace",City,anime,Facility,Position,auto racing league,HumanGene,athletics player,still image,convention,priest,,"The Khas Mahal served as the Mughal emperor's private residence in Delhi. The structure is located inside the Red Fort, which is a large fort complex located inside the city.It consists of three parts: the Chamber of Telling Beads (Viz-tasbih-khana), the sleeping chamber, (khwabgah) and the wardrobe (tosha-khana) or sitting room (baithak). The interior is decorated with carved white marble painted with colourful floral decorations. The ceiling was also partially gilded.",Khas Mahal (Red Fort),http://en.wikipedia.org/wiki/Khas_Mahal_(Red_Fort)
685987275,false,finalized,3,3/8/2015 03:30:17,City,0.6735,dam,City,lymph,ProvinceOrState,Facility,Country,sports team season,person function,Stated Resolution,regency,lieutenant,,"The Mazum Dam is located near Modasa, Gujarat in India. it is built on small river called Mazum which may the reason it has been named as Mazum dam. it is located in Sabarkantha District of Gujarat near Modasa town. it is about 9 km away from modasa. This dam supplies water, allowing farmers to harvest their crops and is also used when nearby towns are running out of water.",Mazum reservoir,http://en.wikipedia.org/wiki/Mazum_reservoir
685987276,false,finalized,3,3/8/2015 03:26:12,Person,1.0,"",Person,Supreme Court of the United States case,figure skater,governmental administrative region,natural place,church,airline,Historical district,bullfighter,star,,"Manaji Rao Scindia Bahadur (? - af.1777) was the Maharaja Scindia of Gwalior (r.1764 - 1768).He was grandson of Sardar Sabaji Scindia. He was recognised by the Peshwa as the Sardar of the Scindias on 10 July 1764, and succeeded by Mahadaji Scindia on 18 January 1768.",Manaji Rao Scindia,http://en.wikipedia.org/wiki/Manaji_Rao_Scindia
685987277,false,finalized,3,3/8/2015 03:43:42,other,1.0,"module
spacecraft
spacecraft",Company,bone,legislature,moss,mammal,file,glacier,atoll,arena,group,,"The Apollo Lunar Module (LM), also (and originally) known as the Lunar Excursion Module (LEM), was the lander portion of the Apollo spacecraft built for the US Apollo program by Grumman to carry a crew of two from lunar orbit to the surface and back.",Apollo Lunar Module,http://en.wikipedia.org/wiki/Apollo_Lunar_Module
685987278,false,finalized,3,3/8/2015 03:03:56,Organization,1.0,"",Organization,soccer player,Country,Person,Record Office,golf league,golf tournament,musical,fungus,brain,,"The Armed Islamic Group (GIA, al-Jama'ah al-Islamiyah al-Musallaha, from French Groupe Islamique Armé; Arabic الجماعة الإسلامية المسلّحة ) is an Islamist organisation that wants to overthrow the Algerian government and replace it with an Islamic state. The GIA adopted violent tactics in 1992 after the military government voided the victory of the Islamic Salvation Front, the largest Islamic opposition party, in the first round of legislative elections held in December 1991.",Armed Islamic Group of Algeria,http://en.wikipedia.org/wiki/Armed_Islamic_Group_of_Algeria
685987279,false,finalized,3,3/8/2015 03:01:44,other,0.6667,"tv channel
tv channel",Country,Organisation member,Company,writer,mineral,tournament,curling league,genre,motorsport racer,Wind motor,,Atomic TV was a channel launched in 1997 in Romania. It originated in music and music videos. It was closed in 2000 and was replaced by MTV Romania.,Atomic TV,http://en.wikipedia.org/wiki/Atomic_TV
685987280,false,finalized,3,3/8/2015 03:47:40,other,1.0,"historical figure
person
ruler",Position,public service output,Movie,presenter,disease,royalty,television personality,squash player,celebrity,deanery,,"For other uses, see AzoAzo (Georgian: აზო) or Azoy (Georgian: აზოჲ) also known as Azon (აზონი) was a legendary ruler of Georgians of ancient Kartli (Iberia of the Classical authors) claimed by medieval Georgian annals to have been installed by Alexander the Great, king of Macedon (r. 336–323 BC).",Azo of Iberia,http://en.wikipedia.org/wiki/Azo_of_Iberia
685987281,false,finalized,3,3/8/2015 03:02:56,other,1.0,"honorific term
term
term",poem,infrastructure,non-profit organisation,professor,HumanGene,programming language,comics character,disney character,Organisation member,person function,,"Baba (Persian: ‎: بابا, Urdu: ‎, Pashto: ‎; Sanskrit, Punjabi, Bengali, Hindi and Marathi: बाबा; father; grandfather; wise old man; sir,) is a Persian honorific term used in several West and South Asian cultures.",Baba (honorific),http://en.wikipedia.org/wiki/Baba_(honorific)
685987282,false,finalized,3,3/8/2015 03:39:48,other,0.6522,"modern-day
gesture",Region,swimmer,Country,Movie director,mollusca,serial killer,beer,gridiron football player,football match,golf player,,"The term babu, also spelled baboo, is used in modern-day South Asia as a sign of respect towards men. It is a derivation of bapu which means father or grand father. The honorific ""ji"" is sometimes added as a suffix to create the double honorific ""babuji"" which, in northern and eastern parts of India, is a term of respect for one's father. ""Babuji"" can also be used as a term of respect for any respected elder or man.",Babu (title),http://en.wikipedia.org/wiki/Babu_(title)
685987283,false,finalized,3,3/8/2015 03:09:52,population,0.6784,community,ProvinceOrState,golf league,golf course,priest,magazine,population,conifer,Archeologist,unit of work,city,,The Boto or Bot people are a community found in Jammu and Kashmir.,Boto people,http://en.wikipedia.org/wiki/Boto_people
685987284,false,finalized,3,3/8/2015 03:03:39,SportsLeague,0.625,"",ProvinceOrState,light novel,Organization,SportsLeague,Region,Country,SportsEvent,rally driver,movie,opera,,"The East Coast Conference (ECC) is a collegiate athletic conference affiliated with the National Collegiate Athletic Association (NCAA)'s Division II. Member institutions are located in the northeastern United States in the states of Connecticut and New York, as well as the District of Columbia.",East Coast Conference,http://en.wikipedia.org/wiki/East_Coast_Conference
685987285,false,finalized,3,3/8/2015 03:02:56,other,1.0,"engine
engine
engine",Company,comedian,cricketer,organisation,rugby player,writer,gridiron football player,micro-region,motorcycle rider,Controlled designation of origin wine,,The Ford Kent is an internal combustion engine from British Ford.,Ford Kent engine,http://en.wikipedia.org/wiki/Ford_Kent_engine
685987286,false,finalized,3,3/8/2015 03:03:28,Organization,1.0,"",Organization,bird,vein,drama,boxing,speedway rider,Christian Patriarch,cemetery,Playwright,Capital,,The Indian Hockey Federation [1] was the Indian branch of the International Hockey Federation.,Indian Hockey Federation,http://en.wikipedia.org/wiki/Indian_Hockey_Federation
685987287,false,finalized,3,3/8/2015 03:14:24,other,0.72,"organization
event",Country,soccer player,SportsEvent,church,race horse,ArtificialSatellite,broadcast network,race,animal,canadian football player,,"Founded in 1912, the Middle Atlantic Conferences (MAC) is an umbrella organization of three athletic conferences which competes in the NCAA's Division III. The 18-member teams are located in the Mid-Atlantic United States.The organization is divided into two main conferences: the Commonwealth Conference and the Freedom Conference.",Middle Atlantic Conferences,http://en.wikipedia.org/wiki/Middle_Atlantic_Conferences
685987288,false,finalized,3,3/8/2015 03:06:47,other,0.6667,"animal
animal",Person,hollywood cartoon,ProvinceOrState,film festival,clerical order,time period,line of fashion,Christian Doctrine,prehistorical period,family,,"Osama bin Laden, locally named after the infamous elusive terrorist, was a rogue bull elephant responsible for at least 27 deaths and destruction of property in the jungled Sonitpur district of the Indian state of Assam. After a two-year rampage from 2004 to 2006, an elephant was eventually shot; but some were doubtful that the right animal was killed.",Osama bin Laden (elephant),http://en.wikipedia.org/wiki/Osama_bin_Laden_(elephant)
685987289,false,finalized,3,3/8/2015 03:06:47,Organization,0.6667,revolution,Organization,office holder,Country,Painting,deity,crustacean,continent,mixed martial arts league,period of artistic style,Globular Swarm,,"Patriots (also known as Rebels, Revolutionaries, Congress-Men, or American Whigs) were those colonists of the Thirteen Colonies who violently rebelled against British control during the American Revolution and in July 1776 declared the United States of America an independent nation.",Patriot (American Revolution),http://en.wikipedia.org/wiki/Patriot_(American_Revolution)
685987290,false,finalized,3,3/8/2015 03:27:48,other,0.36,company,Region,state,Country,Organization,Continent,language,results of a sport competition,formula 1 team,sports season,grape,,"The Plymouth Company was an English joint stock company founded in 1606 by James I of England with the purpose of establishing settlements on the coast of North America.The merchants offered a en economical agreement to the settlers, where the merchants agreed to finance their trip and in return the settlers would have to repay their trip, through the profits made, with interest.The company thus fell into disuse and in 1609.In 1620, after years of disuse, the company was revived and reorganized as the Plymouth Council for New England. ",Plymouth Company,http://en.wikipedia.org/wiki/Plymouth_Company
685987291,false,finalized,3,3/8/2015 03:06:47,other,0.6667,"strategy
development",IndustryTerm,death,Country,line of fashion,Unknown,cultivar (cultivated variety),golf tournament,medician,park,lieutenant,,"Rural Infrastructure Service Commons (RISC) is a strategy for rural development in India proposed in 2002 by Vinod Khosla and Atanu Dey.RISC proposes the establishment of rural hubs with established infrastructure and fee-based user services that would be sustained by patronage from surrounding villages, accessible by bicycle. Each hub would provide economic opportunities for India's rural population and the potential to seed a larger urban center.",Rural Infrastructure Service Commons,http://en.wikipedia.org/wiki/Rural_Infrastructure_Service_Commons
685987292,false,finalized,3,3/8/2015 03:39:48,Company,0.6957,"",Country,death,Company,entomologist,radio program,Stated Resolution,archaea,Archive,athletics player,government agency,,"Aérospatiale-Matra was a French missile and aircraft manufacturer. It was formed in 1999 by the merger of French companies Aérospatiale and Matra Haute Technologie. It was short-lived as a company; on July 10, 2000, it merged with DaimlerChrysler Aerospace AG (DASA) of Germany and Construcciones Aeronáuticas SA (CASA) of Spain to form EADS.",Aérospatiale-Matra,http://en.wikipedia.org/wiki/Aérospatiale-Matra
685987293,true,golden,26,"",person,0.9577,journalist,game,muscle,sport,agent,organisation,person,deity,family,anatomical structure,lymph,"agent
person
other","David Yelland (born 14 May 1963) is a British writer, a former journalist and editor of The Sun and a partner at Brunswick Group LLP, a global financial public relations and communications company in London. He regularly appears on radio and television.",David Yelland (journalist),http://en.wikipedia.org/wiki/David_Yelland_(journalist)
685987294,true,golden,21,"",other,0.6021,"river
nature
body of water
river
river
river
rivers|rivers of washington
river
river
geographic feature
river
tributary|naches river",person function,mountain,political function,profession,place,garden,ski area,architectural structure,historic place,monument,"place
other","The American River is a tributary of the Naches River, in Washington in the United States. It flows down the east side of the Cascade Range, through Wenatchee National Forest and the William O. Douglas Wilderness.From its source at American Lake, it flows north for several miles, picking up its tributary the Rainier Fork American River, which flows east down from the vicinity of Chinook Pass.",American River (Washington),http://en.wikipedia.org/wiki/American_River_(Washington)
685987295,true,golden,25,"",organisation,0.5932,"school
disctrict
school
education place
school
educational institute
district
school
school
place",game,muscle,sport,agent,organisation,person,deity,family,anatomical structure,lymph,"agent
organisation
other","The Bentworth School District is a small, rural public school district located in southwestern Pennsylvania. Bentworth School District encompasses approximately 54 square miles (140 km2). It covers the boroughs of Bentleyville, Cokeburg and Ellsworth as well as North Bethlehem Township and Somerset Township in Washington County, Pennsylvania. According to 2000 federal census data, it served a resident population of 8,837. By 2010, Bentworth School District's population declined to 8,555 people.",Bentworth School District,http://en.wikipedia.org/wiki/Bentworth_School_District
685987296,true,golden,20,"",species,0.8458,"squirrel
animal",Satellite,Swarm,ArtificialSatellite,species,archaea,bacteria,eukaryote,sports season,motorsport season,sports team season,"species
eukaryote
other","Abert's squirrel (or tassel-eared squirrel) (Sciurus aberti) is a tree squirrel in the genus Sciurus endemic to the Rocky Mountains from United States to Mexico, with concentrations found in Arizona, The Grand Canyon, New Mexico, and southwestern Colorado.",Abert's squirrel,http://en.wikipedia.org/wiki/Abert's_squirrel
685987297,true,golden,20,"",disease,0.8803,"",disease,star,Biomolecule,enzyme,protein,gene,celestial body,asteroid,galaxy,planet,disease,"Granulomatous amoebic encephalitis (""GAE"") is a central nervous system disease caused by certain species, especially species of Acanthamoeba and Balamuthia mandrillaris.The term is most commonly used with Acanthamoeba. In more modern references, the term ""Balamuthia amoebic encephalitis"" (BAE) is commonly used when Balamuthia mandrillaris is the cause.",Granulomatous amoebic encephalitis,http://en.wikipedia.org/wiki/Granulomatous_amoebic_encephalitis
685987298,true,golden,24,"",motorsport season,0.5063,"",eukaryote,year,sports season,motorsport season,sports team season,Swarm,Globular Swarm,Open Swarm,time period,year in spaceflight,"sports season
motorsport season",The 2010 Michelin Ginetta G50 Cup was the third Ginetta G50 Cup.,2010 Ginetta G50 Cup season,http://en.wikipedia.org/wiki/2010_Ginetta_G50_Cup_season
685987299,true,golden,20,"",weapon,0.8146,"",chemical compound,Instrument,mineral,chemical element,contest,device,automobile engine,information appliance,weapon,camera,"device
weapon
other","The Buk missile system is a family of self-propelled, medium-range surface-to-air missile systems developed by the former Soviet Union and Russian Federation and designed to engage cruise missiles, smart bombs, fixed- and rotary-wing aircraft, and unmanned aerial vehicles.The Buk missile system is the successor to the NIIP/Vympel 2K12 Kub (NATO reporting name SA-6 ""Gainful"").",Buk missile system,http://en.wikipedia.org/wiki/Buk_missile_system
685987300,true,golden,19,"",device,0.8068,smartphones,star,information appliance,constellation,chemical substance,chemical compound,mineral,chemical element,contest,device,automobile engine,"device
other","The Nokia E66 is a slider smartphone in the Nokia Eseries range, a S60 platform third edition device with slide action targeting business users. It is a successor to the Nokia E65 with which it shares many features.E66 has similar features to the Nokia E71 handset, but lacks sufficient battery capacity for all day use and does not have the full QWERTY, however the E66 is smaller in size and weighs less.",Nokia E66,http://en.wikipedia.org/wiki/Nokia_E66
685987301,true,golden,25,"",weapon,0.8745,"",device,natural event,automobile engine,information appliance,weapon,camera,Instrument,Historical district,societal event,event,"device
weapon
other","The 7.2-Inch Demolition Rocket, also known as the T37, was a 7.2-inch (180 mm) rocket developed and used by the United States military during World War II. Derived from the ""Mousetrap"" anti-submarine rocket, it was intended for use in demolishing concrete bunkers and fortifications, and saw use from August 1944.",7.2-Inch Demolition Rocket,http://en.wikipedia.org/wiki/7.2-Inch_Demolition_Rocket
685987302,true,golden,20,"",asteroid,0.9028,"",Nobel Prize,galaxy,medicine,disease,Biomolecule,enzyme,protein,gene,celestial body,asteroid,"celestial body
asteroid
other","1220 Crocus (1932 CU) is a main-belt asteroid discovered on February 11, 1932 by Reinmuth, K. at Heidelberg.Based on lightcurve studies, Crocus has a rotation period of 737 hours, but this figure is based on less than full coverage, so that the period may be wrong by 30 percent or so.",1220 Crocus,http://en.wikipedia.org/wiki/1220_Crocus
685987303,true,golden,29,"",asteroid,0.9659,"",celestial body,chemical element,asteroid,galaxy,planet,star,constellation,chemical substance,chemical compound,mineral,"celestial body
asteroid
other",12223 Hoskin (1983 TX) is a main-belt asteroid.,12223 Hoskin,http://en.wikipedia.org/wiki/12223_Hoskin
685987304,true,golden,13,"",natural event,0.9196,"",automobile engine,life cycle event,information appliance,weapon,camera,Instrument,Historical district,societal event,event,natural event,"event
natural event
other","A partial solar eclipse occurred on January 25, 1982. A solar eclipse occurs when the Moon passes between Earth and the Sun, thereby totally or partly obscuring the image of the Sun for a viewer on Earth. A partial solar eclipse occurs in the polar regions of the Earth when the center of the Moon's shadow misses the Earth.","Solar eclipse of January 25, 1982","http://en.wikipedia.org/wiki/Solar_eclipse_of_January_25,_1982"
685987305,true,golden,22,"",event,0.9017,"natural event|eclipse
natural event",contest,event,device,automobile engine,information appliance,weapon,camera,Instrument,Historical district,societal event,"event
other","A partial solar eclipse will occur on January 6, 2019.","Solar eclipse of January 6, 2019","http://en.wikipedia.org/wiki/Solar_eclipse_of_January_6,_2019"
685987306,true,golden,16,"",organisation,0.5099,event,activity,lymph,game,sport,agent,organisation,person,deity,family,anatomical structure,"activity
sport
other",The Illinois Intercollegiate Athletic Conference (IIAC) was a college athletic conference that existed from 1908 to 1970 in the United States.,Illinois Intercollegiate Athletic Conference,http://en.wikipedia.org/wiki/Illinois_Intercollegiate_Athletic_Conference
