_unit_id,_golden,_unit_state,_trusted_judgments,_last_judgment_at,category,category:confidence,category_gold,image_url,item_title,link
674072797,true,golden,68,"","writer
journalist
person","0.5074
0.5056
0.1481","writer
editor
journalist
person
author","David Yelland (born 14 May 1963) is a British writer, a former journalist and editor of The Sun and a partner at Brunswick Group LLP, a global financial public relations and communications company in London. He regularly appears on radio and television.",David Yelland (journalist),http://en.wikipedia.org/wiki/David_Yelland_(journalist)
674072798,true,golden,82,"","journalist
author
person","0.4889
0.2741
0.1778","person
journalist
author
critics
wine critic
critic
writer","Dorothy J. Gaiter and John Brecher are American journalists, authors and wine critics, wife and husband who jointly wrote a wine column in The Wall Street Journal titled ""Tastings"" between 1998-2009. They rated wines on a scale that ranges from ""Yech"", ""OK"", ""Good"", ""Very Good"", ""Delicious"" to ""Delicious!"". Their careers began simultaneously and have remained connected since their first meeting in the newsroom of The Miami Herald in 1973.",Dorothy Gaiter and John Brecher,http://en.wikipedia.org/wiki/Dorothy_Gaiter_and_John_Brecher
674072799,true,golden,78,"","producer
person
film producer","0.4991
0.2496
0.1426","person
film producer
producer","For other people of this name, see Edward Black.Edward Black (18 August 1900, Birmingham - 30 November 1948, London) was an English film producer.",Edward Black (producer),http://en.wikipedia.org/wiki/Edward_Black_(producer)
674072800,true,golden,77,"","school
district
school district","0.3705
0.1594
0.1434","educational institution
organisation
school
district
place
area
location
school district","The Bentworth School District is a small, rural public school district located in southwestern Pennsylvania. Bentworth School District encompasses approximately 54 square miles (140 km2). It covers the boroughs of Bentleyville, Cokeburg and Ellsworth as well as North Bethlehem Township and Somerset Township in Washington County, Pennsylvania. According to 2000 federal census data, it served a resident population of 8,837. By 2010, Bentworth School District's population declined to 8,555 people.",Bentworth School District,http://en.wikipedia.org/wiki/Bentworth_School_District
674072801,true,golden,92,"","song
music
artwork","0.5383
0.3576
0.0864","song
musical work
work
music","""Adieu"" is a song by Canadian singer Cœur de pirate, from her second studio album Blonde (2011). It was released as a single in Canada on March 19, 2011.",Adieu (Cœur de pirate song),http://en.wikipedia.org/wiki/Adieu_(Cœur_de_pirate_song)
674072802,true,golden,81,"","painting
artwork
picture","0.8617
0.1229
0.0384","painting
artwork
work",April Love is a painting by the Pre-Raphaelite painter Arthur Hughes which was created between 1855 and 1856.,April Love (painting),http://en.wikipedia.org/wiki/April_Love_(painting)
674072803,true,golden,74,"","racehorse
horse
stallion","0.8915
0.2505
0.0868","animal
eukaryote
mammal
race horse
horse
species
racehorse","Voltaire (1826 – 16 April 1848) was a British Thoroughbred racehorse. He won five of his six races, including the Doncaster Gold Cup in 1828. After retiring from racing he became a successful stallion, siring St. Leger winner Charles the Twelfth and Voltigeur, who won both the Epsom Derby and the St. Leger. He was bred and owned by Robert Stephenson, before being sold to William Vane, Marquess of Cleveland, whom he raced for as a three-year-old.",Voltaire (racehorse),http://en.wikipedia.org/wiki/Voltaire_(racehorse)
674072804,true,golden,66,"","swelling
disease
injury","0.2461
0.1799
0.1758","disease
symptom",A chignon is a temporary swelling left on an infant's head after a ventouse suction cap has been used to deliver him or her. It is not a sign of serious injury and may take as little as two hours or as long as two weeks to disappear.,Chignon (medical term),http://en.wikipedia.org/wiki/Chignon_(medical_term)
674072805,true,golden,84,"","missile
weapon
missiles","0.3398
0.1604
0.0916","device
weapon
missile system
military weapon
missile","The Buk missile system (Russian: ""Бук""; beech, /bʊk/ BOOK) is a family of self-propelled, medium-range surface-to-air missile systems developed by the former Soviet Union and Russian Federation and designed to engage cruise missiles, smart bombs, fixed- and rotary-wing aircraft, and unmanned aerial vehicles.The Buk missile system is the successor to the NIIP/Vympel 2K12 Kub (NATO reporting name SA-6 ""Gainful"").",Buk missile system,http://en.wikipedia.org/wiki/Buk_missile_system
674072806,true,golden,75,"","smartphone
mobile phone
cellphone","0.629
0.123
0.1","device
phone
mobile
mobile phone
smartphone
cellphone
cell phone","The Nokia E66 is a slider smartphone in the Nokia Eseries range, a S60 platform third edition device with slide action targeting business users. It is a successor to the Nokia E65 with which it shares many features.E66 has similar features to the Nokia E71 handset, but lacks sufficient battery capacity for all day use and does not have the full QWERTY, however the E66 is smaller in size and weighs less.",Nokia E66,http://en.wikipedia.org/wiki/Nokia_E66
674072807,true,golden,80,"","car
scout car
vehicle","0.3913
0.1811
0.1784","car
vehicle
automobile
weapon
automobile engine
scout car
armoured scout car
armoured car",The 39M Csaba was an armoured scout car produced for the Royal Hungarian Army during World War II.,39M Csaba,http://en.wikipedia.org/wiki/39M_Csaba
674072808,true,golden,62,"","event
solar eclipse
eclipse","0.2862
0.2495
0.2349","solar eclipse
natural event
event
eclipse","A partial solar eclipse will occur on June 13, 2094. A solar eclipse occurs when the Moon passes between Earth and the Sun, thereby totally or partly obscuring the image of the Sun for a viewer on Earth. A partial solar eclipse occurs in the polar regions of the Earth when the center of the Moon's shadow misses the Earth.","Solar eclipse of June 13, 2094","http://en.wikipedia.org/wiki/Solar_eclipse_of_June_13,_2094"
674072809,true,golden,77,"","eclipse
event
solar eclipse","0.3451
0.2301
0.1235","solar eclipse
natural event
event
eclipse","A total solar eclipse will occur on September 26, 2117. A solar eclipse occurs when the Moon passes between Earth and the Sun, thereby totally or partly obscuring the image of the Sun for a viewer on Earth. A total solar eclipse occurs when the Moon's apparent diameter is larger than the Sun, blocking all direct sunlight, turning day into darkness.","Solar eclipse of September 26, 2117","http://en.wikipedia.org/wiki/Solar_eclipse_of_September_26,_2117"
674072810,true,golden,77,"","game
board game
entertainment","0.5568
0.3587
0.1843","board game
game
activity","Get Out is one of the earliest board games published by Cheapass Games. Players are trying to move out of their parents' basements. They roll dice and move around the board, trying to collect jobs and apartments.The board for Get Out is similar in concept to the board used for Monopoly, though there are three rings on the board.",Get Out (board game),http://en.wikipedia.org/wiki/Get_Out_(board_game)
674072811,true,golden,85,"","college
conference
event","0.3783
0.3672
0.1812","activity
sport
event
sports event
societal event
social event
conference
athletic conference",The Illinois Intercollegiate Athletic Conference (IIAC) was a college athletic conference that existed from 1908 to 1970 in the United States.,Illinois Intercollegiate Athletic Conference,http://en.wikipedia.org/wiki/Illinois_Intercollegiate_Athletic_Conference
674072812,false,finalized,11,2/13/2015 15:33:17,"community
scheduled tribe of jammu and kashmir
people","0.6448
0.1054
0.0903",,The Beda people are a community found in Jammu and Kashmir.,Beda people,http://en.wikipedia.org/wiki/Beda_people
674072813,false,finalized,11,2/13/2015 13:55:10,"caste
idol
god","0.4438
0.3639
0.3107",,"Ezhava is a caste in Kerala. Shiva is a Hindu god. Ezhava Siva refers to Siva idol consecrated by social reformer Sree Narayana Guru at Aruvippuram, in 1888. This was major break from tradition as installation of idols by non Brahmins was considered blasphemy and Sree Narayana Guru belonged to the lower caste Ezhava community.",Ezhava Siva,http://en.wikipedia.org/wiki/Ezhava_Siva
674072814,false,finalized,11,2/13/2015 13:37:07,"conference
event
organization","0.3231
0.2154
0.2",,"The Liga AtlÌ©tica Interuniversitaria de Puerto Rico, often abbreviated LAI, (English: ""Puerto Rico Inter-university Athletics League"", LAI) is a college athletics conference in Puerto Rico. The LAI is a non-profit organization whose main purpose is to regulate sports amongst its member institutions.",Liga AtlÌ©tica Interuniversitaria de Puerto Rico,http://en.wikipedia.org/wiki/Liga_AtlÌ©tica_Interuniversitaria_de_Puerto_Rico
674072815,false,finalized,11,2/13/2015 15:29:58,"engine
car
Mercedes-Benz","0.6337
0.1899
0.0977",,The Mercedes-Benz M119 was a V8 automobile engine produced from 1989 through 1999. It was available in 4.2 L; 5.0 L; and 6.0 L displacements. It was a double overhead cam design with 4 valves per cylinder and variable valve timing on the intake side.,Mercedes-Benz M119 engine,http://en.wikipedia.org/wiki/Mercedes-Benz_M119_engine
674072816,false,finalized,11,2/13/2015 13:51:38,"vehicle
truck
lorry","0.7339
0.367
0.1101",,"The Renault Midlum, of Renault Trucks Distribution range, (7.5‰ÛÒ18 tonnes) was a vehicle specially dedicated to urban distribution and local services. It was launched in 2000, and by 2010, the 100,000 unit was manufactured.The range was revised in 2006, fitted with new 5- and 7-litre engines. The Midlum was replaced by the Renault Trucks D.",Renault Midlum,http://en.wikipedia.org/wiki/Renault_Midlum
674072817,false,finalized,11,2/13/2015 15:00:10,"isolationist group
terrorist organization
terrorist","0.3065
0.2742
0.1774",,"The All Tripura Tiger Force (ATTF) is an isolationist group from the Tripura region of India. It was founded on July 11, 1990, by a group of former Tripura National Volunteer members under the leadership of Ranjit Debbarma. The ATTF is currently considered a terrorist organization by India. The rebellion, in which it is involved is the Tripura Rebellion. According to the South Asian Terrorism Portal, approximately 90% of the ATTF's administration are Hindu and the rest are Christian.",All Tripura Tiger Force,http://en.wikipedia.org/wiki/All_Tripura_Tiger_Force
674072818,false,finalized,11,2/13/2015 15:49:07,"revenue
division
revenue division","0.3653
0.257
0.1136",,"Attur division is a revenue division in the Salem district of Tamil Nadu, India.",Attur division,http://en.wikipedia.org/wiki/Attur_division
674072819,false,finalized,11,2/13/2015 15:29:58,"ruler
person
Bavand dynasty","0.5426
0.2279
0.1671",,"Hasan II (Persian: ¯_¯_ô ), also known as Fakhr al-Dawla Hasan (Persian: ô¯¨¯± ¯¤ôã¯øôöôãôà ¯_¯_ô ), was the last ruler of the Bavand dynasty from 1334 to 1349. He was the brother, and successor of Sharaf al-Muluk.",Hasan II (Bavandid ruler),http://en.wikipedia.org/wiki/Hasan_II_(Bavandid_ruler)
674072820,false,finalized,11,2/13/2015 13:37:07,"fortification
structure
fort","0.4769
0.2154
0.1077",,"The Mareth Line was a system of fortifications built by the French between the towns of Medenine and GabÌ¬s in southern Tunisia, prior to World War II. It was designed to defend against attacks from the Italians in Libya, but following the Fall of France and Operation Torch it fell into Axis hands and was used by the Italians and Germans to defend against the British instead.",Mareth Line,http://en.wikipedia.org/wiki/Mareth_Line
674072821,false,finalized,11,2/13/2015 15:00:10,"holiday
event
education","0.2581
0.1935
0.1935",,"National Education Day is an annual observance in India to commemorate the birth anniversary of Maulana Abul Kalam Azad, the first education minister of independent India, who served from 15 August 1947 until 2 February 1958. National Education Day of India is celebrated on 11 November. </ref>",National Education Day (India),http://en.wikipedia.org/wiki/National_Education_Day_(India)
674072822,false,finalized,11,2/13/2015 15:29:58,"palace
Palace
place","0.4449
0.1763
0.1139",,"The Rang Mahal or Palace of Colour is located in the Red Fort, Delhi.It originally served as a part of the imperial harem and was known as the Palace of Distinction (Imtiyaz Mahal) during the rule of Shah Jahan. After the British occupied the fort in 1857, Rang Mahal was used as a mess hall for a brief time.The building's interior was once richly painted and decorated.",Rang Mahal (Red Fort),http://en.wikipedia.org/wiki/Rang_Mahal_(Red_Fort)
674072823,false,finalized,11,2/13/2015 13:41:23,"commander
person
army commander","0.4259
0.3148
0.2222",,"Hailu Tekle Haymanot, KBE (1868‰ÛÒ1950), also named Hailu II of Gojjam, was an army commander and a member of the nobility of the Ethiopian Empire. He represented a provincial ruling elite who were often at odds with the Ethiopian central government. Hailu Tekle Haymanot was an independent-minded potentate who, throughout his life, was mistrustful and mistrusted by the Emperor.",Hailu Tekle Haymanot,http://en.wikipedia.org/wiki/Hailu_Tekle_Haymanot
674072824,false,finalized,11,2/13/2015 13:53:51,"transmission
car
automatic transmission","0.5326
0.3265
0.1718",,"The G4A-EL was a 4-speed automatic transmission from Mazda. It was Mazda's first four-speed transmission on its introduction in 1987.The original 1987 G4A-EL included three shift solenoids, a lockup solenoid, a vane-type pump, and a throttle cable. It was redesigned for 1988 and used in the Ford Probe the next year under the 4EAT-G name by Ford.Applications: 1987‰ÛÒ1992 Mazda 626 1989‰ÛÒ1992 Mazda MX-6 1989‰ÛÒ1992 Ford Probe 1990‰ÛÒ1991 Mazda 323 AWD",Mazda G4A-EL transmission,http://en.wikipedia.org/wiki/Mazda_G4A-EL_transmission
674072825,false,finalized,11,2/13/2015 15:02:48,"sailplane
plane
atlat","0.5356
0.1703
0.1084",,"The TeST TST-10 Atlas is a single-seat, standard class sailplane, with a 15 m (49 ft 3 in) wingspan, manufactured by TeST Gliders in The Czech Republic. It is available both as a pure glider (TST-10) and self-launching glider (TST-10M).",TeST TST-10 Atlas,http://en.wikipedia.org/wiki/TeST_TST-10_Atlas
674072826,false,finalized,11,2/13/2015 15:23:45,"library
library consortium
consortium","0.391
0.1791
0.1254",,"In India, a number of library consortia operate to share e-resources among member libraries to serve their users. The Ministry of Communications and Information Technology oversees the MCIT Library Consortium to subscribe to and share e-resources at highly discounted rates, and to extend to its services to various organisations and institutions under its umbrella.",MCIT Library Consortium,http://en.wikipedia.org/wiki/MCIT_Library_Consortium
674072827,false,finalized,11,2/13/2015 14:01:23,"attraction
tourist attraction
touristic","0.471
0.207
0.115",,"Padmapuram Gardens is a tourist attraction in the Araku valley in Andhra Pradesh, India. The gardens have a good collection of appealing plants and flowers.",Padmapuram Gardens,http://en.wikipedia.org/wiki/Padmapuram_Gardens
674072828,false,finalized,11,2/13/2015 14:06:47,"fire
accident
disaster","0.392
0.3523
0.2216",,"The 2013 Kolkata market fire was a fire accident that occurred in five-storeyed market place in Kolkata on 27 February 2013, the capital city of West Bengal, India. An estimated 19 people, who were mostly labourers working in the market were killed in the accident. Initial reports indicate the fire might have been initiated by short circuit in the first floor of the market. The fire accident in the second major one in Kolkata after the 2011 AMRI hospital fire accident that killed 90 people.",2013 Kolkata market fire,http://en.wikipedia.org/wiki/2013_Kolkata_market_fire
674072829,false,finalized,11,2/13/2015 13:51:38,"scandal
deal
research","0.5688
0.1835
0.0917",,"The Scorpene deal scam was an Indian bribery scandal, in which Rs. 500 crores (about USD 10 mn) were alleged to have been paid to government decision makers by Thales, the makers of the Scorpene submarine. Defence minister Pranab Mukherjee had approved the submarine deal worth Rs 19,000 crore with Thales in October 2005. The investigating agency, Central Bureau of Investigation (CBI), found no evidence of corruption in the deal in 2008.",Scorpene deal scam,http://en.wikipedia.org/wiki/Scorpene_deal_scam
674072830,false,finalized,11,2/13/2015 14:00:56,"basketball
basketball team
team","0.4879
0.3469
0.2753",,"The Cal Poly Mustangs men's basketball team represents California Polytechnic State University, located in San Luis Obispo, California. The school's team currently competes in the Big West Conference. The team began playing at the Division 1 level in 1994. The Mustangs are coached by Joe Callero and play their home games at Mott Athletic Center.",Cal Poly Mustangs men's basketball,http://en.wikipedia.org/wiki/Cal_Poly_Mustangs_men's_basketball
674072831,false,finalized,11,2/13/2015 13:43:31,"mosque
monument
Delhi","0.8596
0.1053
0.1053",,"The Sunehri Masjid (¯_ô ôà¯±ôä ôÉ¯_¯Â¯ø, lit. Golden Mosque) is a mosque in Old Delhi.It is located near the Gurudwara Sis Ganj Sahib in Chandni Chowk, once an imperial boulevard leading to the Red Fort.",Sunehri Masjid (Chandni Chowk),http://en.wikipedia.org/wiki/Sunehri_Masjid_(Chandni_Chowk)
674072832,false,finalized,11,2/13/2015 13:47:57,"riot
event
violence","0.2807
0.2632
0.2281",,The Worli Riots refers to the violence that broke between the members of Dalit Panther and Shiv Sena. This resulted in the death of a Dalit Panther leader Bhagwat Jadhav when a grinding stone was thrown at a Morcha by Dalit Panthers on January 1974 in Mumbai.,The Worli Riots,http://en.wikipedia.org/wiki/The_Worli_Riots
674072833,false,finalized,11,2/13/2015 13:41:23,"place
territory
state","0.6111
0.1111
0.1111",,Maniyawan is a place in the Jehanabad district in Bihar state of India. It is situated at a distance of approximately 7 kilometers from Jehanabad.Notable people from Maniyawan include Arun Kumar.,Maniyawan,http://en.wikipedia.org/wiki/Maniyawan
674072834,false,finalized,11,2/13/2015 15:29:58,"village
place
Village","0.8275
0.2051
0.1725",,"Sindarli is a village in the Pali district in the Indias state of Rajasthan.Location - It is about 10 km from the town of Sadri, 16 km from Nadol, 23 km from the tehsil office in Desuri and 70 km from the district capital.",Sindarli,http://en.wikipedia.org/wiki/Sindarli
674072835,false,finalized,11,2/13/2015 13:59:45,"garden
place
india","0.8205
0.1197
0.1197",,"The Hayat Baksh Bagh, which means ""Life-bestowing garden"", is the largest of the gardens in the Red Fort in Delhi.",Hayat Bakhsh Bagh (Red Fort),http://en.wikipedia.org/wiki/Hayat_Bakhsh_Bagh_(Red_Fort)
674072836,false,finalized,11,2/13/2015 13:51:01,"village
place
Village","0.75
0.1607
0.0893",,"Unal a village in Boudha district, Odisha, a state in India.","Unal, India","http://en.wikipedia.org/wiki/Unal,_India"
674072837,false,finalized,11,2/13/2015 13:59:45,"organisation
foundation
non-governmental","0.5299
0.3761
0.1197",,"Public Cause Research Foundation (PCRF) was a Delhi, India-based non-governmental organisation (NGO) that campaigned for just, transparent, accountable and participatory governance.",Public Cause Research Foundation,http://en.wikipedia.org/wiki/Public_Cause_Research_Foundation
674072838,false,finalized,11,2/13/2015 13:41:23,"village
place
territory","0.7037
0.2222
0.1111",,"Chipyana Buzurg is a village in the Indian state of Uttar Pradesh.It is located in the Bisrakh tehsil of Gautam Buddh Nagar district, which forms part of the Meerut division.The District headquarters at Noida is 28 kilometres (17 mi) to the north.",Chipyana Buzurg,http://en.wikipedia.org/wiki/Chipyana_Buzurg
674072839,false,finalized,11,2/13/2015 15:33:17,"massacre
Massacre
killing","0.4365
0.2684
0.1957",,"Kakopathar Killings or the Kakopathar Massacre took place in Assam during 2006 when the Indian army opened fire at peaceful protesters at Kakopathar in Assam, killing at least 10 people.They were protesting against the custodial-death of a villager who was arrested by the army.",Kakopathar Massacre,http://en.wikipedia.org/wiki/Kakopathar_Massacre
674072840,false,finalized,11,2/13/2015 13:47:57,"pontiff
religion
person","0.7018
0.1579
0.1404",,"Sri Nrusimha Bharati VII was the 29th pontiff of the Sringeri Sarada Peetam for a short tenure of 3 years(1767‰ÛÒ1770). He spent most of his time in Nasik, since Sringeri was affected by war disturbances at that time.His attained Maha samadhi in 1770 and his adhistanam is located in Panchavati area of Nasik. He appointed Sri Sacchidananda Bharati - III as the 30th pontiff of the peetam.",Nrusimha Bharati VII,http://en.wikipedia.org/wiki/Nrusimha_Bharati_VII
674072841,false,finalized,11,2/13/2015 14:59:38,"car
clone
vehicle","0.9165
0.2003
0.1669",,"A Locost is a home-built clone of the Lotus Seven. The car features a space frame chassis usually welded together from mild steel 1 in ÌÑ 1 in (25 mm ÌÑ 25 mm) square tubing. Front suspension is usually double wishbone with coil spring struts. The rear is traditionally live axle, but has many variants including independent rear suspension or De Dion tube. Body panels are usually fiberglass nose and wings and aluminium side panels.",Locost,http://en.wikipedia.org/wiki/Locost
674072842,false,finalized,11,2/13/2015 15:00:10,"person
myth
twin","0.2742
0.1935
0.1774",,"Romulus /èörƒÕmjƒªlƒªs/ and Remus /èörièmƒªs/ are the twin brothers and central characters of Rome's foundation myth. Their mother is Rhea Silvia, daughter to Numitor, king of Alba Longa. Before their conception, Numitor's brother Amulius seizes power, kills Numitor's male heirs and forces Rhea Silvia to become a Vestal Virgin, sworn to chastity. Rhea Silvia conceives the twins by the god Mars, or by the demi-god Hercules; once the twins are born, Amulius has them abandoned to die in the river Tiber.",Romulus and Remus,http://en.wikipedia.org/wiki/Romulus_and_Remus
674072843,false,finalized,11,2/13/2015 13:51:01,"protest
demonstration
Demonstration","0.5714
0.1786
0.125",,"The Tiananmen Square protests of 1989, commonly known as the June Fourth Incident (ŒÉ_ŒÝÝŠ¼ÜŠÈ¦) or more accurately '89 Democracy Movement (ŒÉÇŠ_¾¡ÔÀ) in Chinese, were student-led popular demonstrations in Beijing which took place in the spring of 1989 and received broad support from city residents, exposing deep splits within China's political leadership. The protests were forcibly suppressed by hardline leaders who ordered the military to enforce martial law in the country's capital.",Tiananmen Square protests of 1989,http://en.wikipedia.org/wiki/Tiananmen_Square_protests_of_1989
674072844,false,finalized,11,2/13/2015 15:02:48,"person
fan
operator","0.3963
0.356
0.1796",,"In India and Pakistan, a punkhawallah or punkha wala (Hindustani: ˆ_»ˆ_ªˆ´ˆ_Ðˆ__ ˆ_µˆ__ˆ__ˆ__, pangkh€ v€l€) is a manual fan operator. A punkah is a type of ceiling fan used in the Indian subcontinent before the electric fan. The punkhawallah was the servant who worked it, often using a pulley system.",Punkawallah,http://en.wikipedia.org/wiki/Punkawallah
674072845,false,finalized,11,2/13/2015 14:58:53,"clothing
headscarf
headwear","0.4154
0.4154
0.0923",,"Taranga is the typical headscarf worn by Kashmiri Pandit women in the earlier days and even up to almost late 1960s.Now, its only place is as a ritual and by tradition to be worn in the classical way on the bride's head as a bridal gear on her wedding day. This headwear has a very significant and historical importance and relevance, as it was an appreciation reward from his HOLIness Jagatguru ADI Sankaracharya during his stay in Kashmir.",Taranga (clothing),http://en.wikipedia.org/wiki/Taranga_(clothing)
674072846,false,finalized,11,2/13/2015 13:51:38,"conference
Conference
sport","0.4954
0.2018
0.1651",,"The Allegheny Mountain Collegiate Conference (AMCC) is an intercollegiate athletic conference affiliated with the NCAA's Division III. Member institutions are located in the northeastern United States in the States of New York, Ohio, and Pennsylvania.",Allegheny Mountain Collegiate Conference,http://en.wikipedia.org/wiki/Allegheny_Mountain_Collegiate_Conference
674072847,false,finalized,11,2/13/2015 13:35:35,"crossways
crossway
structure","0.4128
0.3859
0.1174",,"Ashram Chowk is a crossways located on the southeastern corner of the Delhi Ring Road. It is at the intersection of the Ring Road and Mathura Road from the ITO crossing, the Supreme Court, Pragati Maidan, Purana Quila, Nizamuddin Dargah and the Haryana border at Faridabad.",Ashram Chowk,http://en.wikipedia.org/wiki/Ashram_Chowk
674072848,false,finalized,11,2/13/2015 14:06:47,"Principal
principal
person","0.3409
0.3068
0.2898",,"George Marshall was Principal of Trevelyan College, University of Durham from 1995 to 1996, having been Acting-Principal from 1993.",George Marshall (academic),http://en.wikipedia.org/wiki/George_Marshall_(academic)
674072849,false,finalized,11,2/13/2015 13:37:12,"agency
company
interactive agency","0.6491
0.2982
0.1579",,"iXL Enterprises is a failed international interactive agency that lasted from 1996 until 2002. The company was founded by Atlanta entrepreneur Bert Ellis, who also served as the company's chairman and CEO. At the company's height in 1999, which coincided with the height of the dot-com boom, iXL had around 1500 employees, a quarterly revenue of $33 million, and was publicly traded on the Nasdaq exchange, with ticker symbol ""IIXL"".",IXL (interactive agency),http://en.wikipedia.org/wiki/IXL_(interactive_agency)
674072850,false,finalized,11,2/13/2015 15:49:07,"company
tobacco
corporation","0.368
0.303
0.0974",,"The Rembrandt Group is a South African tobacco and industrial conglomerate founded by Afrikaner tycoon Dr Anton Rupert who oversaw its eventual transition to the industrial and luxury branded goods sectors. Rembrandt was split into Remgro (an investment company with financial, mining and industrial interests) and Richemont (a Swiss-based luxury goods group).Dr Rupert originally established the tobacco company ""Voorbrand"" in the 1940s.",Rembrandt Group,http://en.wikipedia.org/wiki/Rembrandt_Group
674072851,false,finalized,11,2/13/2015 13:55:10,"manufacturer
motorcycle
sidecar","0.355
0.2959
0.2899",,"Squire (founded 1973 in Bidford-on-Avon) is a British manufacturer of motorcycle sidecars that pioneered the design of the modern motorcycle trailer for being pulled behind a bike in the early 1980s. In 1988 Squire merged with the struggling Watsonian company to form Watsonian-Squire, now the UK's largest sidecar producer.",Squire sidecars,http://en.wikipedia.org/wiki/Squire_sidecars
674072852,false,finalized,11,2/13/2015 15:26:02,"football
competition
football competition","0.4745
0.4584
0.2676",,"The Staffordshire County Senior League is a football competition based in Staffordshire, England. It was formed in 2005 as a merger of the Midland League (formerly known as the Staffordshire Senior League) and the Staffordshire County League.The former Midland League clubs formed the new Premier Division, which is a feeder to the North West Counties Football League and sits at step 7 (or level 11) of the National League System.",Staffordshire County Senior League,http://en.wikipedia.org/wiki/Staffordshire_County_Senior_League
674072853,false,finalized,11,2/13/2015 13:56:59,"india
survey
head","0.2378
0.1189
0.1189",,"The Surveyor General of India is the Head of Department of Survey of India, a Department under the Ministry of Science and Technology of Government of India. He also happens to be the senior most member of the Survey of India Service, an organized engineering service under the Union of India.The current Surveyor General is Swarna Subba Rao.",Surveyor General of India,http://en.wikipedia.org/wiki/Surveyor_General_of_India
674072854,false,finalized,11,2/13/2015 14:59:41,"fabric
handmade
craft","0.3146
0.2318
0.1854",,Banjara Needle Crafts are traditional handmade fabrics made by Banjaras in India. They are made in tribals Lambada habitation known as Thanda.,Banjara Needle Crafts,http://en.wikipedia.org/wiki/Banjara_Needle_Crafts
674072855,false,finalized,11,2/13/2015 13:56:59,"king
term
history","0.419
0.2412
0.1359",,"Habugra is a term for ""King"" in Kokborok language of Tripura.There were at least 144 kings that ruled Tripura before merging with the Indian Union on 15 November 1950. The last and most illustrious Habugra of all was Habugra Bir Bikram Manikya Debbarma. The college of Maharaja Bir Bikram College was established in his memory in 1947 in the state capital Agartala.",Habugra,http://en.wikipedia.org/wiki/Habugra
674072856,false,finalized,11,2/13/2015 14:59:38,"garden
botanical garden
botanical","0.6628
0.1836
0.1703",,"A botanical garden is a place where plants, especially ferns, conifers and flowering plants, are grown and displayed for the purposes of research and education. This distinguishes them from parks and pleasure gardens where plants, usually with beautiful flowers, are grown for public amenity Botanical gardens that specialize in trees are sometimes referred to as arboretums. They are occasionally associated with zoos.",List of botanical gardens in India,http://en.wikipedia.org/wiki/List_of_botanical_gardens_in_India
674072857,false,finalized,11,2/13/2015 14:01:23,"name
history
family name","0.1917
0.1577
0.1479",,"Tharoor is the family name of a prominent Nair Tharavadu of Kerala, India. The name dates to antiquity, and historians record that the kingdom in and around the modern-day district of Palakkad was called Tharoor Swarupam in the 14th and 15th centuries. The family appears to have lost kingly authority thereafter, before the attacks in the area by Tipu Sultan of Mysore, and well before the absorption of the territory by the British into the Madras Presidency in the early 19th century.",Tharoor,http://en.wikipedia.org/wiki/Tharoor
674072858,false,finalized,11,2/13/2015 14:00:54,"sport
football
football club","0.2295
0.1967
0.1639",,"The 2007‰ÛÒ08 season was French football club Paris Saint-Germain's 35th professional season, their 35th season in Ligue 1 and their 34th consecutive season in French top-flight. PSG was managed by Paul Le Guen - in his first full season since replacing Guy Lacombe. The club was chaired by Alain Cayzac until Simon Tahar took over. Paris Saint-Germain was present in the 2007‰ÛÒ08 Ligue 1, the 2007‰ÛÒ08 Coupe de France and the 2007‰ÛÒ08 Coupe de la Ligue.",2007‰ÛÒ08 Paris Saint-Germain F.C. season,http://en.wikipedia.org/wiki/2007‰ÛÒ08_Paris_Saint-Germain_F.C._season
674072859,false,finalized,11,2/13/2015 14:59:41,"massacre
killing
police","0.7318
0.1987
0.1159",,2001 Kishtwar massacre was the killing of 17 Hindu villagers in village Ladder near Kishtwar in Doda District of Jammu and Kashmir by alleged militants of Lashkar-e-Taiba on 3 August 2001 .,2001 Kishtwar massacre,http://en.wikipedia.org/wiki/2001_Kishtwar_massacre
674072860,false,finalized,11,2/13/2015 13:51:51,"league
season
football","0.3289
0.3125
0.2961",,The 1995‰ÛÒ96 Southern Football League season saw the Max Griggs-funded Rushden & Diamonds win the Premier Division to earn promotion to the Football Conference.,1995‰ÛÒ96 Southern Football League,http://en.wikipedia.org/wiki/1995‰ÛÒ96_Southern_Football_League
674072861,false,finalized,11,2/13/2015 15:02:48,"team
volleyball
sports","0.4737
0.2786
0.1703",,"The Florida Gators women's volleyball team represents the University of Florida in the sport of volleyball. The Gators compete in Division I of the National Collegiate Athletics Association (NCAA) and the Southeastern Conference (SEC). The Gators play their home matches in the O'Connell Center on the university's Gainesville, Florida campus, and are currently led by head coach Mary Wise.",Florida Gators women's volleyball,http://en.wikipedia.org/wiki/Florida_Gators_women's_volleyball
674072862,false,finalized,11,2/13/2015 13:56:59,"palace
mansion
zoo","0.479
0.3341
0.1869",,"The Marble Palace (Kolkata), located at 46,Muktaram Babu Street, Kolkata 700007, is a palatial mansion located in North Kolkata, India, which was built by Raja Rajendra Mullick in 1835 and contains many beautiful Western sculptures, pieces of Victorian furniture, and paintings by European and Indian artists. Large chandeliers, clocks, and busts of kings and queens decorate the hallways of the palace.",Marble Palace Zoo,http://en.wikipedia.org/wiki/Marble_Palace_Zoo
674072863,false,finalized,11,2/13/2015 14:00:54,"region
village
Village","0.5246
0.3443
0.0984",,"A Revenue Village is a small administrative region in India, a village with defined borders. One revenue village may contain many hamlets.The Village Administrative Officer (VAO) is the head officer of the Revenue Village",Revenue Village,http://en.wikipedia.org/wiki/Revenue_Village
674072864,false,finalized,11,2/13/2015 13:59:45,"embassy
Embassy
organisation","0.4786
0.1282
0.1197",,"The Embassy of the Republic of India in Moscow is the diplomatic mission of India in the Russian Federation. It is located at 6 Vorontsovo Pole (Russian: _Õ__„Û____„ ______ _À___È_µ, 6) in the Tagansky District of Moscow.The Embassy of India School Moscow is affiliated with the embassy.",Embassy of India in Moscow,http://en.wikipedia.org/wiki/Embassy_of_India_in_Moscow
674072865,false,finalized,11,2/13/2015 14:00:56,"truck
trucks
vehicle","0.5837
0.1982
0.1156",,"The Ford D-Series was a range of middle weight trucks introduced by Ford of Britain in 1965. It replaced the Thames Trader and appears to have been envisaged as a more modern competitor to the Bedford TK produced by General Motors' UK truck subsidiary. In 1965 the range covered rigid trucks with gross weights from 5.2 to 12.75 British tons, and tippers from 10.8 to 12.75 tons.",Ford D-series,http://en.wikipedia.org/wiki/Ford_D-series
674072866,false,finalized,11,2/13/2015 13:51:38,"dynasty
king
kings","0.7523
0.2385
0.1835",,"Sayfawa dynasty or more properly Sefuwa dynasty is the name of the kings (or mai, as they called themselves) of the Kanem-Bornu Empire, centered first in Kanem in western Chad, and then, after 1380, in Borno (today north-eastern Nigeria).The dynasty was rooted in the Tubu expansion by the Kanembu. The first ten kings present in the list in the Girgam are difficult to date and to identify. The dynasty, one of Africa's longest living, lost the throne in 1846.",Sayfawa dynasty,http://en.wikipedia.org/wiki/Sayfawa_dynasty
674072867,false,finalized,11,2/13/2015 13:43:31,"king
person
music","0.6316
0.1404
0.1053",,"Spalirises (50‰ÛÒ47 BCE) was an Indo-Scythian ""Great king"" of the 1st century BCE. He was the brother of Vonones (some of his coins explain he was ""Brother of the king""), and probably identical with Spalahores.The territories of Spalarises were apparently absorbed by Azes I, his successor, who appears on the reverse on some of his coins.",Spalirises,http://en.wikipedia.org/wiki/Spalirises
674072868,false,finalized,11,2/13/2015 15:33:17,"football
football league
league","0.3763
0.3703
0.2709",,"The Clwyd Football League (currently the The Mackenzie Jones Clwyd Football League) is a football league equivalent to the fifth level of the Welsh football league system in North Wales.The league hosts several cup competitions: The President's Cup, The Premier Cup, The Halkyn Cup and the REM Jones Cup. Members compete in the FAW Trophy, Barritt Cup and Welsh Cup competitions as well.",Clwyd League,http://en.wikipedia.org/wiki/Clwyd_League
674072869,false,finalized,11,2/13/2015 15:23:45,"competition
football
sport","0.4119
0.3403
0.2149",,The Copa do Brasil de Futebol Feminino (English: Brazilian Women's Football Cup) is a Brazilian women's football (soccer) competition organized by the Brazilian Football Confederation with the help of the Brazilian Ministry of Sports. It is designed as an equivalent to the men's Copa do Brasil. The first edition was played in 2007.,Copa do Brasil de Futebol Feminino,http://en.wikipedia.org/wiki/Copa_do_Brasil_de_Futebol_Feminino
674072870,false,finalized,11,2/13/2015 13:47:57,"department
administration
politics","0.5088
0.2456
0.1754",,"The Indian Political Department (IPD) originated in a resolution passed on September 13, 1783 by the Board of Directors of the East India Company; this decreedthe creation of a department which could help ‰ÛÏrelieve the pressure‰Û on the administration of Warren Hastings in conducting its ""secret and political business"".In 1843, Governor-General Ellenborough reformed the administration,organizing Secretariat of the Government into four departments ‰ÛÒ Foreign, Home, Finance and Military.",Indian Political Department,http://en.wikipedia.org/wiki/Indian_Political_Department
674072871,false,finalized,11,2/13/2015 15:23:45,"bank
company
real estate","0.5522
0.3224
0.1791",,"Real Estate Bank India is India's largest real estate services company. It was founded in 2006 by Lakshmi Narayanan and is headquartered in Bangalore, India. The company plans to invest Rs 250 million next year and expand in India and abroad with presence in countries like Sri Lanka, US, UAE, Singapore, Malaysia and Australia.",Real Estate Bank India,http://en.wikipedia.org/wiki/Real_Estate_Bank_India
674072872,false,finalized,11,2/13/2015 13:51:51,"gotra
clan
place","0.4276
0.2303
0.1151",,"Sansanwal is a gotra of Jats found in Rajasthan and Haryana in India. Template:Sansanwal were first live in bharatpur in rajasthanThe Sansanwal's original name was SinsiniwalJai Singh Sansanwal and Raja Surajmal Sinsiniwal were the main peoples of Sansanwal's caste;;Sansanwal or Sinsinwar are the same and gotra of Jats found in Rajasthan, Delhi, Harayan and Uttar Pradesh in India. Sinsinwars were the rulers of princely state Bharatpur.",Sansanwal,http://en.wikipedia.org/wiki/Sansanwal
674072873,false,finalized,11,2/13/2015 13:43:31,"painting
art
tribal art","0.4561
0.2982
0.1754",,"Warli painting is a tribal art mostly done by Adivasi from North Sahyadri Range in India (Dahanu, Talasari, Jawhar, Palghar, Mokhada, and Vikramgadh).",Warli painting,http://en.wikipedia.org/wiki/Warli_painting
674072874,false,finalized,11,2/13/2015 13:51:51,"campsite
camp
outdoor","0.3947
0.2796
0.2138",,"Website - www.ymcacamplakeside.orgYMCA Camp Lakeside is located at Village Nilshi, in the Western Ghats (mountains) between Mumbai and Pune, India.Camp Lakeside is a 40 acre campsite surrounded by the beautiful Andhra Lake.","YMCA International Camp, Nilshi, India","http://en.wikipedia.org/wiki/YMCA_International_Camp,_Nilshi,_India"
674072875,false,finalized,11,2/13/2015 14:06:47,"football
season
football season","0.5057
0.1875
0.1705",,The 1990‰ÛÒ91 season was the 111th season of competitive football in England.,1990‰ÛÒ91 in English football,http://en.wikipedia.org/wiki/1990‰ÛÒ91_in_English_football
674072876,false,finalized,11,2/13/2015 14:58:53,"college
school
College","0.3231
0.1846
0.1846",,"Dr. Somervell Memorial CSI Medical College (SMC, Dr SM CSI MCH, SMCSI) established in 2002, attached to the Dr. Somervell Memorial Mission Hospital is at Karakonam, a village, in the southern border of the Thiruvananthapuram District of the State of Kerala.",Dr. Somervell Memorial CSI Medical College,http://en.wikipedia.org/wiki/Dr._Somervell_Memorial_CSI_Medical_College
674072877,false,finalized,11,2/13/2015 13:55:10,"football
sports
sport","0.8964
0.216
0.2071",,Japanese football in 2009,2009 in Japanese football,http://en.wikipedia.org/wiki/2009_in_Japanese_football
674072878,false,finalized,11,2/13/2015 14:59:41,"surname
king
state","0.5132
0.1854
0.1159",,"Ningombam is a surname which is used by a large number of Meitei. It is a clan belonging to the Angom dynasty, one of the seven kingdoms in the present state of Manipur. It is considered to be the oldest clan in Manipur and the kings of Angom had tremendous powers over the other kings in the ancient history of Manipur.",Ningombam,http://en.wikipedia.org/wiki/Ningombam
674072879,false,finalized,11,2/13/2015 15:04:00,"season
league
sport","0.4815
0.2963
0.2407",,"The 2012‰ÛÒ13 Segunda DivisiÌ_n B season was the 36th since its establishment. The first matches of the season were played on 26 August 2012, and the league phase ended on 19 May 2013. The entire season ended on 30 June 2013 with the promotion play-off finals.",2012‰ÛÒ13 Segunda DivisiÌ_n B,http://en.wikipedia.org/wiki/2012‰ÛÒ13_Segunda_DivisiÌ_n_B
674072880,false,finalized,11,2/13/2015 13:59:45,"company
mine
salt","0.4444
0.2906
0.1709",,"The Windsor Salt Mine currently operates two locations in Windsor, Ontario, Canada. The first is at 200 Morton Drive in Windsor, established in 1955, and is owned by The Canadian Salt Company, Limited. The facility has 250 employees, earns roughly $75‰ÛÒ99 million a year, producing road and mining salt. The second location is the Windsor Facility of the Canadian Salt Company, located at 30 Prospect Ave. in Windsor. This facility employs 110 and estimates their sales at $25‰ÛÒ50 million a year.",Windsor Salt Mine,http://en.wikipedia.org/wiki/Windsor_Salt_Mine
674072881,false,finalized,11,2/13/2015 14:01:23,"training
programme
mathematics","0.3549
0.2903
0.2629",,"The Mathematics Training and Talent Search Programme or MTTS is a summer training programme in India for mathematics, started at the B.Sc. (undergraduate) level, aimed to expose bright young minds to mathematics and equip them better for Ph.D. studies. It is funded by the National Board for Higher Mathematics, India. The organizer is Professor S. Kumaresan.",MTTS,http://en.wikipedia.org/wiki/MTTS
674072882,false,finalized,11,2/13/2015 13:41:23,"technology
computer
microprocessor","0.2222
0.1852
0.1667",,"The Ultra 1 is a family of Sun Microsystems workstations based on the 64-bit UltraSPARC microprocessor. It was the first model in the Sun Ultra series of Sun computers, which succeeded the SPARCstation series. It launched in 1995 and shipped with Solaris 2.5. It is capable of running other operating systems such as Linux and BSD.The Ultra 1 was available in a variety of different specifications.",Ultra 1,http://en.wikipedia.org/wiki/Ultra_1
674072883,false,finalized,11,2/13/2015 14:00:54,"game
toy
play games","0.7213
0.1148
0.082",,"Bambaram (in Karnataka/Tamil)/Lattu ôãô_ôö (in Urdu) or spinning tops are used to play games in India and Pakistan. Skill and interest in this game is reducing due to other interests taking priority and also due to unsafe nails along with bullying of younger, smaller, poorer kids. This game is more popular among boys and is coming back with safer components and rules.",Gaming top,http://en.wikipedia.org/wiki/Gaming_top
674072884,false,finalized,11,2/13/2015 13:53:51,"football
competition
sport","0.4124
0.2921
0.1924",,"The Lincolnshire Football League, is a football competition in England that is composed of a single division of 13 clubs. Since season 2007‰ÛÒ08 Sills & Betteridge Solicitors have agreed to sponsor the league. Teams stretch across the county from Grimsby to Grantham.The League currently run a Representative side that compete in the FA Inter League Cup. In their first venture into the competition they reached the Quarter Finals where they lost to the Cheshire League.",Lincolnshire Football League,http://en.wikipedia.org/wiki/Lincolnshire_Football_League
674072885,false,finalized,11,2/13/2015 15:00:10,"basketball
team
basketball team","0.4839
0.2903
0.2903",,"The University of Maryland women's basketball team is a prominent program in the history of women's basketball. As a member of the Atlantic Coast Conference, the Lady Terrapins are regular season and tournament champions. Since 2002, team has been led by head coach Brenda Frese. In 2006, with only four years under Frese, the Lady Terps won their first NCAA Championship in their fourth trip to the Final Four - their first Final Four appearance since 1989.",Maryland Terrapins women's basketball,http://en.wikipedia.org/wiki/Maryland_Terrapins_women's_basketball
674072886,false,finalized,11,2/13/2015 13:53:51,"football
league
sport","0.3093
0.2921
0.1924",,"The Third League of Montenegro (Montenegrin: Tre€àa Crnogorska Liga / _¢„Û_µ„Ý_¡ „ „Û________„Û„_¼_¡ _È_ü___¡) is the third top football league in Montenegro. It is headed by the Football Association of Montenegro. 29 teams participate in this league, divided in three regions. Top team from each region qualifies for the playoff from which top 2 teams qualify for the Second League of Montenegro.",Montenegrin Third League,http://en.wikipedia.org/wiki/Montenegrin_Third_League
674072887,false,finalized,11,2/13/2015 14:59:56,"school
education
grade","0.4662
0.4311
0.3158",,"Plus Two refers to the segment of Indian and Nepali school education that is made of standards (grades) 11 and 12, known as higher secondary education. In most states in India, the Plus Two is part of high school; in a few, it is called Junior College and is part of college education. Plus Two education is provided by each state individually and Central Board of Secondary Education (CBSE).",Plus Two,http://en.wikipedia.org/wiki/Plus_Two
674072888,false,finalized,11,2/13/2015 14:05:20,"navy
Navy
command","0.3956
0.2564
0.2015",,"The Dover Patrol was a Royal Navy command of the First World War, notable for its involvement in the Zeebrugge Raid on 22 April 1918. The Dover Patrol formed a discrete unit of the Royal Navy based at Dover and Dunkirk for the duration of the First World War.",Dover Patrol,http://en.wikipedia.org/wiki/Dover_Patrol
674072889,false,finalized,11,2/13/2015 15:02:48,"club
nudist club
nudist/naturist club","0.4892
0.1703
0.1084",,"The Toronto Helios Society was a nudist/naturist club located at Sharon, north of Toronto, Ontario, Canada.In 1972 Eric and June Jarvis purchased a 20.25 hectare (50 acres) property. The land consisted of a road to a bridge over the river, and three cleared areas that were covered with ferns and brambles. The first year was spent dredging a lake fed by a creek and natural springs.",Toronto Helios Society,http://en.wikipedia.org/wiki/Toronto_Helios_Society
674072890,false,finalized,11,2/13/2015 14:59:41,"contest
magazine
supermodel","0.5132
0.4172
0.2318",,"Femina Look of the Year was held for 5 years from 1994 to 1999 by Femina magazine to select an Indian contestant at the Elite Model Look contest. It was discontinued after 1999 for unknown reasons.Winners include Sheetal Mallar and Carol Gracias who are both noted Indian supermodels. The 1994 edition event had Madhu Sapre, 2nd Runner up Miss Universe and Miss India 1992 as contestant but even after her achievements in the earlier contests she didn't win and title was won by Sheetal Mallar.",Femina Look of the Year,http://en.wikipedia.org/wiki/Femina_Look_of_the_Year
674072891,false,finalized,11,2/13/2015 14:00:54,"sport
organization
leage","0.1148
0.1148
0.1148",,"This was the final season of the original two region 2.Bundesliga, as the DFB sought to integrate the North and South divisions into a single division for the next campaign. This meant 22 teams faced the drop to the Oberliga (12 from the North, 10 from the South). There were 3 promotion spots to the Bundesliga on offer, while the remaining teams would enter the new single league 2.Bundesliga in the next season.",1980‰ÛÒ81 2. Bundesliga,http://en.wikipedia.org/wiki/1980‰ÛÒ81_2._Bundesliga
674072892,false,finalized,11,2/13/2015 15:04:00,"organization
charity
Organization","0.8333
0.3333
0.1667",,India Partners is a U.S. non-governmental organization that partners with indegenious managed charities in India on projects to help the poor.,India Partners,http://en.wikipedia.org/wiki/India_Partners
674072893,false,finalized,11,2/13/2015 14:58:53,"basketball
team
basketball team","0.3692
0.2769
0.2615",,"The Dominican Republic national basketball team is the men's basketball team that represents the Dominican Republic in international competition. In 2011 and 2012, John Calipari, the head coach of the University of Kentucky men's basketball team served as the head coach of the team. The team placed third in the 2011 FIBA Americas Championship and fourth in the 2012 FIBA World Olympic Qualifying Tournament, one position shy of qualifying for the 2012 Olympics.",Dominican Republic national basketball team,http://en.wikipedia.org/wiki/Dominican_Republic_national_basketball_team
674072894,false,finalized,11,2/13/2015 14:00:56,"accord
resolution
History","0.7357
0.1156
0.1156",,"Punjab accord, also known as the Rajiv-Longowal Accord, is an accord signed by Rajiv Gandhi and Harcharan Singh Longowal on 24 July 1985. The government accepted the demands of Akali Dal who in turn agreed to withdraw their agitation.The accord attracted opposition from several orthodox Sikh leaders of Punjab as well as from the politicians of Haryana. Some of its promises could not be fulfilled due to the disagreements.",Punjab accord,http://en.wikipedia.org/wiki/Punjab_accord
674072895,false,finalized,11,2/13/2015 13:37:07,"sport
season
football","0.2
0.2
0.1846",,"In this article, the results of Al-Nassr FC of Saudi Arabia in 2007-2008 season is summarized",2007‰ÛÒ08 Al-Nassr season,http://en.wikipedia.org/wiki/2007‰ÛÒ08_Al-Nassr_season
674072896,false,finalized,11,2/13/2015 14:05:20,"team
sport
sports","0.4396
0.3846
0.1832",,The Albany Great Danes men's lacrosse team represents the University at Albany in NCAA Division I men's college lacrosse. Albany currently competes in the America East Conference and plays its home games on John Fallon Field. The team reached the NCAA Men's Lacrosse Championship tournament in 2003‰ÛÒ2005 and in 2007. The Great Danes are currently coached by Scott Marr.,Albany Great Danes men's lacrosse,http://en.wikipedia.org/wiki/Albany_Great_Danes_men's_lacrosse
674072897,false,finalized,11,2/13/2015 14:05:20,"information system
Information System
software","0.2015
0.1832
0.1099",,"eLegalix is Allahabad High Court Judgment Information System developed by Computer Centre, High Court of Judicature at Allahabad, Uttar Pradesh, India. Judgments and Orders delivered at Allahabad High Court and its Bench at Lucknow can be searched and viewed using this web application.",ELegalix,http://en.wikipedia.org/wiki/ELegalix
674072898,false,finalized,11,2/13/2015 15:04:00,"company
food
business","0.9074
0.1852
0.1852",,"Loch Fyne Oysters is a company which has expanded from farming and selling oysters to providing a range of seafoods, fish, meat and game. It founded the Loch Fyne restaurant chain which is now owned by Greene King; it still owns the Loch Fyne brand and supplies its products to the restaurant chain. The company continues to run the Loch Fyne Oyster Bar on the banks of the loch near Cairndow",Loch Fyne Oysters,http://en.wikipedia.org/wiki/Loch_Fyne_Oysters
674072899,false,finalized,11,2/13/2015 14:59:38,"football
league
sport","0.6461
0.3845
0.1948",,"The Sachsenliga, formerly referred to as Landesliga Sachsen, is the sixth tier of the German football league system and the highest league in the German state of Saxony, (German:Sachsen). Until the introduction of the 3. Liga in 2008 it was the fifth tier of the league system, until the introduction of the Regionalligas in 1994 the fourth tier.",Sachsenliga,http://en.wikipedia.org/wiki/Sachsenliga
674072900,false,finalized,11,2/13/2015 13:35:35,"Training Centre
training centre
training center","0.2617
0.2517
0.1174",,"Zonal Training Centre, or ZTC as it is commonly known, is the training centre of Reserve Bank of India (RBI) for its officers and staff. RBI has four such training centres, the biggest and most prominent of them being at CBD Belapur. The other three are at New Delhi, Kolkata and Chennai. ZTC functions under the overall policy framework and administrative control of the Human Resources Management Department (HRMD) of RBI Central Office at Fort, Mumbai.",Zonal Training Centre,http://en.wikipedia.org/wiki/Zonal_Training_Centre
674072901,false,finalized,11,2/13/2015 15:26:02,"computer
machine
device","1.0
0.1709
0.1709",,"The Harwell computer, later known as the Wolverhampton Instrument for Teaching Computing from Harwell (WITCH), or the Harwell Dekatron Computer, was an early British relay-based computer. From 2009 to 2012, it was restored at the National Museum of Computing, where it is described as ""the oldest original functioning electronic stored program computer in the world"". The museum hopes to use the computer's visual, dekatron-based memory to teach schoolchildren about computers.",Harwell computer,http://en.wikipedia.org/wiki/Harwell_computer
674072902,false,finalized,11,2/13/2015 15:23:45,"animal
list
animals","0.3761
0.3015
0.2687",,This is a list of the state animals of all the states and union territories of India.The animals in India are endangered and some of them work.,List of Indian state animals,http://en.wikipedia.org/wiki/List_of_Indian_state_animals
674072903,false,finalized,11,2/13/2015 13:37:12,"flowers
flower
state","0.4561
0.2982
0.2807",,This is a list of state flowers of the states and union territories of India:,List of Indian state flowers,http://en.wikipedia.org/wiki/List_of_Indian_state_flowers
674072904,false,finalized,11,2/13/2015 15:49:07,"trees
list
state trees","0.2668
0.1921
0.1136",,This is a list of Indian state (and union territory) trees:,List of Indian state trees,http://en.wikipedia.org/wiki/List_of_Indian_state_trees
674072905,false,finalized,11,2/13/2015 14:58:53,"football
team
result","0.4615
0.2615
0.1077",,This article details the fixtures and results of the UAE national football team in 2010.,2010 UAE national football team results,http://en.wikipedia.org/wiki/2010_UAE_national_football_team_results
674072906,false,finalized,11,2/13/2015 15:33:17,"police
organisation
mumbai police","0.4666
0.4491
0.1054",,"Mumbai traffic police is the organisation entrusted with the task of managing vehicular traffic in Mumbai, India.",Mumbai Traffic Police,http://en.wikipedia.org/wiki/Mumbai_Traffic_Police
674072907,false,finalized,11,2/13/2015 15:49:07,"traditional system
iconometry
artwork","0.211
0.1894
0.1894",,"Talamana (Sanskrit: t€la m€na) is a traditional system of Indian iconometry based on the Shilpa Shastras, which uses certain measurements and proportions in creating temple icons and images.",Talamana,http://en.wikipedia.org/wiki/Talamana
674072908,false,finalized,11,2/13/2015 15:26:02,"waterfall
place
waterfalls","0.8066
0.1843
0.1128",,"Kailasakona - water falls - 80 km(Picnic spot.) Kailasakona is a beautiful perennial waterfall, situated in the Nagari valley of Chittoor District. This sacred waterfall is rich in minerals and possesses medicinal powers. A small temple of Shiva and Parvati is seen nearby. The waterfalls can be accessed easily from Tirupati.Photo Linkshttp://www.panoramio.com/photo/6348432",Kailasakona Falls,http://en.wikipedia.org/wiki/Kailasakona_Falls
674072909,false,finalized,11,2/13/2015 13:51:01,"football
sport
league","0.5893
0.1964
0.1964",,"The Landesliga Braunschweig, called the Bezirksoberliga Braunschweig until 2010, is the sixth tier of the German football league system and the second highest league in the German state of Lower Saxony (German:Niedersachsen). It covers the region of the now defunct Regierungsbezirk Braunschweig.",Landesliga Braunschweig,http://en.wikipedia.org/wiki/Landesliga_Braunschweig
674072910,false,finalized,11,2/13/2015 13:35:35,"football team
results
sports","0.2617
0.1846
0.1174",,This article details the fixtures and results of the Uzbekistan national football team in 2010.,2010 Uzbekistan national football team results,http://en.wikipedia.org/wiki/2010_Uzbekistan_national_football_team_results
674072911,false,finalized,11,2/13/2015 13:53:51,"soccer
sport
event","0.5498
0.1924
0.1203",,The 2010 Season was the 98th season of competitive soccer in the United States.,2010 in American soccer,http://en.wikipedia.org/wiki/2010_in_American_soccer
674072912,false,finalized,11,2/13/2015 14:59:56,"ruler
person
rulers","0.3008
0.1955
0.193",,"The following is a complete list of rulers of the Mbunda Kingdom, established at the confluence of Kwilu and Kasai rivers in the now Democratic Republic of the Congo in the fifteenth century. In the early 17th century, it was re-established in Mbundaland, a state southeast of the present day Angola covering Moxico and Cuando Cubango Provinces.",Rulers of Mbundaland,http://en.wikipedia.org/wiki/Rulers_of_Mbundaland
674072913,false,finalized,11,2/13/2015 13:47:57,"locality
location
place","0.5614
0.1404
0.1228",,"Shaniwar Peth is a general term, in the Marathi language, for a locality in the Indian cities. These include cities like Pune, Solapur, Madhavnagar, Karad, Ahmednagar etc. The term Shaniwar has derived from the day Saturday in Marathi.",Shaniwar Peth,http://en.wikipedia.org/wiki/Shaniwar_Peth
674072914,false,finalized,11,2/13/2015 13:51:01,"king
son
person","0.7321
0.1964
0.1607",,"Jeroboam II (Hebrew: _ª_¬_Ô_¢_ _Ó_©_Ê_ª or _ª…ü_¬…ü_Ô…¡_¢…ü_‰Û_; Greek: ëªëµìëÀë_ëÀëÂë_; Latin: Jeroboam) was the son and successor of Jehoash, (alternatively spelled Joash), and the fourteenth king of the ancient Kingdom of Israel, over which he ruled for forty-one years. His reign was contemporary with those of Amaziah (2 Kings 14:23) and Uzziah (15:1), kings of Judah.",Jeroboam II,http://en.wikipedia.org/wiki/Jeroboam_II
674072915,false,finalized,11,2/13/2015 14:01:23,"army
military
Military","0.3094
0.2563
0.2536",,"The Military of Guatemala consists of National Army of Guatemala (Ejercito Nacional de Guatemala, ENG), the Guatemalan Navy (Marina de la Defensa Nacional, includes Marines) and the Guatemalan Air Force (Fuerza Aerea Guatemalteca, FAG).",Military of Guatemala,http://en.wikipedia.org/wiki/Military_of_Guatemala
674072916,false,finalized,11,2/13/2015 15:26:02,"church
denomination
society","0.4584
0.2676
0.2649",,"Brethren in Christ Church Society is a Protestant denomination of India, founded by James Ard. It is focused on Bihar. It is limited to states in the East of India. The church has thousands of members. Several dozens of parishes are within the church. They are part of the Brethren in Christ Church, a Mennonite group.",Brethren in Christ Church Society,http://en.wikipedia.org/wiki/Brethren_in_Christ_Church_Society
674072917,false,finalized,11,2/13/2015 14:59:56,"king
person
history","0.5113
0.3709
0.1955",,"Tulga or Tulca (Gothic: Tulga; living 642) was Visigothic King of Hispania, Septimania and Galicia from 640 to 642, if his father died in December 640, as some sources state. Although some sources have his rule beginning as early as 639 or ending as early as 641. He came after his father Chintila in another vain attempt to establish dynastic kingship. In 642, Chindasuinth, a Gothic warlord, who may have been as old as 79, commenced a rebellion. He had command of the frontier with the Basques.",Tulga,http://en.wikipedia.org/wiki/Tulga
674072918,false,finalized,11,2/13/2015 13:55:10,"football
sport
season","0.8225
0.2811
0.1775",,The 1991‰ÛÒ92 season was the 112th season of competitive football in England.,1991‰ÛÒ92 in English football,http://en.wikipedia.org/wiki/1991‰ÛÒ92_in_English_football
674072919,false,finalized,11,2/13/2015 13:43:31,"football
england
sports","0.614
0.1754
0.1579",,The 1995‰ÛÒ96 season was the 116th season of competitive football in England.,1995‰ÛÒ96 in English football,http://en.wikipedia.org/wiki/1995‰ÛÒ96_in_English_football
674072921,false,finalized,11,2/13/2015 15:04:00,"football
season
competition","0.5741
0.4074
0.1111",,The 1997‰ÛÒ98 season was the 118th season of competitive football in England.,1997‰ÛÒ98 in English football,http://en.wikipedia.org/wiki/1997‰ÛÒ98_in_English_football
674072922,false,finalized,11,2/13/2015 13:51:51,"community
state
region","0.7895
0.1151
0.1151",,The Jannsari are a community found in Uttarakhand.,Jannsari,http://en.wikipedia.org/wiki/Jannsari
674072923,false,finalized,11,2/13/2015 14:00:56,"rite
event
culture","0.7357
0.1156
0.1156",,"Prathamastami is a rite is held in Odisha, India, for the life and prosperity of the eldest child who is offered a lighted lamp ovation by the senior female relatives followed by elaborate rituals during which the Mantras are recited.",Prathamastami,http://en.wikipedia.org/wiki/Prathamastami
674072924,false,finalized,11,2/13/2015 14:59:56,"sport
football
team","0.4511
0.3759
0.1053",,Division 1 is the third level in the league system of Swedish Ladies football and comprises 2 sections with 12 football teams in each.From 1978 to 1987 when the Damallsvenskan was created in was the highest level of football in Sweden. Up until 2013 when the Elitettan was created it was the second highest level.,Swedish Ladies Football Division 1,http://en.wikipedia.org/wiki/Swedish_Ladies_Football_Division_1
674072925,false,finalized,11,2/13/2015 13:37:07,"list
season
sport","0.2154
0.2
0.1538",,This is a complete list of appearances and goals in all competitions made by members of the professional playing squad of UE Lleida during the 2007-2008 season.,2007‰ÛÒ08 UE Lleida season,http://en.wikipedia.org/wiki/2007‰ÛÒ08_UE_Lleida_season
674072926,false,finalized,11,2/13/2015 13:37:12,"baseball
sports
team","0.5439
0.2281
0.193",,"The Florida Atlantic Owls are the college baseball team of Florida Atlantic University which plays its home games at FAU Baseball Stadium.Fielding its first team in 1981, the Florida Atlantic University baseball team has experienced frequent success, shared respect from other baseball teams nation-wide and the building of a mid-major power in NCAA baseball.As of the 2010 season, the Owls have had 12 consecutive winning seasons.",Florida Atlantic Owls baseball,http://en.wikipedia.org/wiki/Florida_Atlantic_Owls_baseball
674072927,false,finalized,11,2/13/2015 14:06:47,"incident
crime
murder","0.4432
0.4034
0.1023",,"The Sainbari incident occurred in 1970 in Sainbari in Bardhaman in West Bengal in India, where several people were hacked to death, allegedly by CPI(M) supporters, their blood smeared on the face of their mother.A newspaper report puts the date of the incident as 17 March 1970. The Sain brothers were members of a well-to-do family with strong allegiance towards the Indian National Congress.",Sainbari incident,http://en.wikipedia.org/wiki/Sainbari_incident
674072928,false,finalized,11,2/13/2015 13:35:35,"podium
construction
stone","0.4799
0.2013
0.0839",,Tulasi chaura (Oriya: ˆÂ_ˆ_ˆÂ_ˆÂüˆ_Û ˆÂ_ˆÂäˆÂ¡ˆÂ_) is a small podium like stone or cement construction in front of Hindu houses in the Indian state of Orissa containing Tulasi.,Tulsi chaura,http://en.wikipedia.org/wiki/Tulsi_chaura
674072929,false,finalized,11,2/13/2015 13:56:59,"swimming
championship
sport","0.6569
0.1982
0.1563",,"The 10th FINA World Swimming Championships (25m) was held in Dubai, United Arab Emirates from 15‰ÛÒ19 December 2010. This swimming-only championships took place in the Dubai Sports Complex; all events were swum in a 25-meter (short-course) pool.FINA announced on April 9, 2006 that Dubai had defeated the only other bidder Istanbul, Turkey, 11 votes to 10, after a meeting of the FINA Bureau in Shanghai, China.The USA topped the medal standings with a total of 25 medals.",2010 FINA World Swimming Championships (25 m),http://en.wikipedia.org/wiki/2010_FINA_World_Swimming_Championships_(25_m)
674072930,false,finalized,11,2/13/2015 14:59:38,"clan
community
ethnic","0.6149
0.1614
0.1536",,"The Bhagalia are a clan of the Bhil ethnic community and are found in the state of Rajasthan, India.",Bhagalia,http://en.wikipedia.org/wiki/Bhagalia
674072931,false,finalized,11,2/13/2015 14:05:20,"religion
movement
word","0.3114
0.2857
0.1099",,"Rangfarah is the name chosen for a revivalist movement of Tangsa traditional spirituality. The intention is ""to give an alternative form of religious belief to those who were neither following the Christian beliefs nor were following the traditional ways"".",Rangfrah,http://en.wikipedia.org/wiki/Rangfrah
674072932,false,finalized,11,2/13/2015 13:37:12,"conference
event
Conference","0.5439
0.2982
0.193",,"The Tokyo Conference was a conference held between March 28 and 30, 1942 at Tokyo by South-East Asian Indian Nationalist groups including the Indian Independence League, the Indian National Council, and smaller local Indian associations and clubs. This conference led to the decision to establish an all-unifying Indian Independence League.",Tokyo Conference,http://en.wikipedia.org/wiki/Tokyo_Conference
